OSN,OIC,LAT,LONG,CONTEXT,BIO_N,POLSUM,VCHL,ACLPH,ACNx,ACSt,AIZOx,ALL,ALt,AMRTHx,ACTRx,ALST,ANTHO,APIAx,APOD_d,ARTMa,APRG,ASTERx,AVCN,BARR,BEQ _mcr,BRSt_aeth,BRCHt,BDDJt_sal,BURKt_afr,CMPLx,CAPPx,CARYOx,CLSTR/HIPP,CELT,CLIFF,CLUT,COMBRx,COMLx,COMPH,CNVLx,CRASt,CROTt,CUPRS,CUSS,CYPRt,DICHST,DIOSP,DIPS_undiff.,DDN,DBYt,EBENx,ERICAx,EUCL,EPHRB,GNTEIAx,GERNx,GRWt,GUNNt,HLRGDx,HTRMt,ILXt,ISGL,JSTCt,LACTx,LAMx,LANNx,LACDx,LEGMx,LILIAx,LBSM,LDWGt,MALVx,MMSDx,MSPSt,MOHt,MONOLx,MRLt,MUTIx,MRS_af,MYRTx,NYCx,OLEA,OLCx,OPHGL,OXGN,PSSRx,PElLt,PTPH_af,PNTZt,PERIx,PTLDt,PHOEN,PIN,PLTG,POACx,PDCRP,PLGL,PLGN,POLYPDx,PROTx,PSRL,PSDRt,PTRDx,PTRSt,RNCLx,RVLF,REST,RHAMx,RHZO,RCC,RUBx,RMX,RSCHt,SAPOx,SCVL_plm,SCLCRt,SCROPHx,SRSt,SELG,SOLNx,SOLNt,SPRCHt,SPRSx,STB,STBt,SZGMt,TRCHNt,THYMt,TREMt_ornt,TRIB,TRILETx,TLBG,TYPH,UNID,UTRCL,WELT,WIDD
Anysberg,1154,-33.378823,20.636643,Dung,Western Fynbos-Renosterveld,270,0,0,0,0,3,0,0,3,0,0,0,0,0,0,0,123,0,0,0,0,0,0,0,0,0,0,0,0,0,0,0,0,0,0,0,0,0,0,2,0,0,0,2,0,0,1,9,0,0,0,0,0,0,0,0,0,0,0,0,0,0,0,0,0,0,0,0,0,0,0,0,0,0,0,0,0,0,0,0,0,0,0,2,0,0,0,0,0,4,0,0,0,0,0,0,0,0,0,17,0,0,0,0,0,0,0,9,0,0,0,0,1,0,0,0,0,9,0,85,0,0,0,0,0,0,0,0,0,0,0,0
ASSCOT55,8430,-32.69,26.87,Surface soil,Albany Thicket,263,2,0,0,0,0,0,0,26,0,0,0,0,0,0,0,81,0,0,0,0,0,0,0,0,0,0,0,0,0,0,1,0,0,0,0,0,0,0,1,0,1,0,0,0,0,0,0,0,1,0,0,0,0,0,0,0,0,0,0,0,0,0,0,0,0,0,0,0,0,0,0,0,0,0,0,4,0,0,0,1,0,0,30,0,0,0,9,0,87,4,0,0,0,0,0,0,0,0,0,0,0,0,0,0,0,0,0,0,0,0,0,9,0,0,0,0,0,0,0,0,0,0,0,0,0,0,0,6,0,0,0
ASSCOT52,8431,-32.65,26.88,Surface soil,Drakensberg Grassland,272,1,0,0,0,2,0,0,5,0,0,3,0,0,2,0,54,0,0,0,0,0,0,0,0,0,0,0,0,1,0,0,0,0,0,0,0,0,0,8,0,0,0,0,0,0,0,0,0,0,0,0,0,0,0,0,0,0,1,0,0,0,0,0,0,0,0,0,0,1,2,0,0,0,0,0,3,0,0,0,1,0,0,1,0,0,0,13,0,115,20,0,0,0,0,0,0,0,0,0,0,0,0,0,0,0,1,0,0,0,0,28,2,0,0,0,0,0,0,1,0,1,0,0,0,0,0,0,6,0,0,0
Salpeterkop,2076,-32.47475,-20.841939,Surface soil,Karoo Renosterveld,221,0,0,0,0,15,0,0,13,0,0,0,0,0,3,0,155,0,0,0,0,0,0,0,0,0,0,0,0,0,0,0,0,0,0,0,0,0,0,0,0,0,0,1,0,0,0,0,0,0,6,0,0,0,0,0,0,0,0,0,0,0,0,0,0,0,0,0,0,0,0,0,0,0,0,0,0,0,0,0,0,0,0,0,0,0,0,0,0,1,0,0,0,0,0,0,0,0,0,0,0,0,1,0,0,0,0,0,0,0,0,1,0,0,0,0,0,0,21,0,0,0,0,0,0,0,0,0,4,0,0,0
1ZAF94SC,1136,-32.15,19.03,Surface soil,Northwest Fynbos,250,0,0,0,0,4,0,0,2,0,0,16,0,0,2,0,28,0,0,0,0,0,0,0,0,0,0,0,0,0,0,0,0,0,0,0,0,0,0,3,0,0,0,0,0,0,4,2,0,0,1,0,0,0,0,0,0,0,0,0,0,0,0,0,0,0,0,0,0,0,0,0,0,0,0,0,1,0,0,0,0,0,0,0,0,0,0,5,0,7,1,0,0,0,11,0,0,0,0,0,0,7,0,0,0,0,0,0,0,0,0,4,1,0,0,0,0,0,0,135,0,0,0,0,0,0,0,0,15,0,0,1
3ZAF94SC,8053,-32.13,19,Dung,Northwest Fynbos,245,0,0,0,0,23,0,0,1,0,0,11,6,0,0,0,81,0,0,0,0,0,0,0,2,0,0,0,0,1,0,0,0,0,0,1,0,0,0,4,0,4,0,0,0,0,1,0,0,0,1,0,0,0,0,0,0,0,0,3,0,0,0,0,2,0,0,0,0,0,0,0,0,0,0,0,13,0,0,0,0,0,0,0,0,0,0,0,0,13,1,0,0,0,2,0,0,0,0,0,0,12,0,0,0,0,0,2,0,0,0,5,5,0,0,0,0,0,0,1,0,0,2,0,0,0,0,0,48,0,0,0
4ZAF94SC,1159,-32.09,19.06,Dung,Northwest Fynbos,248,0,0,0,0,27,0,6,1,0,0,0,0,0,0,0,76,0,0,0,0,0,0,0,0,0,0,0,0,0,0,0,0,0,0,5,0,0,0,2,0,0,0,1,0,0,0,0,0,0,0,0,0,0,0,0,0,0,0,0,0,0,0,0,0,0,0,0,0,0,0,0,0,0,0,0,0,0,0,0,1,0,0,27,0,0,0,0,0,3,0,1,0,0,0,0,0,0,0,0,0,74,0,0,0,0,0,24,0,0,0,0,0,0,0,0,0,0,0,0,0,0,0,0,0,0,0,0,0,0,0,0
AS92CS14,7675,-32.08,26.12,Dung,Sub-Escarpment Grassland,189,70,0,0,0,10,0,0,5,0,0,0,0,0,0,0,8,0,0,0,0,0,0,0,0,0,0,1,0,0,0,0,0,0,0,2,0,0,0,0,0,2,0,0,0,0,0,0,0,0,0,0,0,0,0,0,0,0,0,0,0,0,0,32,0,0,0,0,0,0,0,0,0,0,0,0,1,0,0,0,0,0,0,0,0,0,0,0,0,1,0,0,0,0,0,0,0,0,0,1,0,0,0,0,0,0,0,0,0,0,0,8,48,0,0,0,0,0,0,0,0,0,0,0,0,0,0,0,0,0,0,0
AS92CS15,7676,-32.08,26.12,Dung,Sub-Escarpment Grassland,205,67,0,0,0,1,0,0,0,0,0,1,0,0,0,0,1,0,0,0,0,0,0,0,0,0,0,0,0,0,0,0,0,0,0,2,0,0,0,0,0,1,0,0,0,0,0,0,0,0,0,0,0,0,0,0,0,0,0,0,0,0,0,49,0,0,0,0,0,0,0,0,0,0,0,0,1,0,0,0,0,0,0,0,0,0,0,0,0,1,0,0,0,0,0,0,0,0,0,0,0,0,0,0,0,0,0,0,0,0,0,13,67,0,0,0,0,0,0,0,0,0,0,0,1,0,0,0,0,0,0,0
AS92CS17,7678,-32.08,26.12,Dung,Sub-Escarpment Grassland,198,8,0,0,0,8,0,0,26,0,0,0,0,0,1,0,24,0,0,0,0,0,0,0,0,1,0,4,0,0,0,0,0,0,0,5,0,0,0,5,0,2,0,0,0,0,0,0,27,0,0,0,0,0,0,0,0,0,0,0,0,0,0,5,0,0,0,0,0,0,0,0,0,0,0,0,2,0,0,0,0,0,0,0,0,0,0,1,0,25,1,0,0,0,0,0,0,0,0,4,0,0,1,0,0,0,0,0,0,0,0,11,37,0,0,0,0,0,0,0,0,0,0,0,0,0,0,0,0,0,0,0
AS92CS16,7680,-32.08,26.12,Dung,Sub-Escarpment Grassland,235,78,0,0,0,3,0,0,9,0,0,0,0,0,1,0,18,0,0,0,0,0,0,0,0,0,0,0,0,0,0,0,0,0,0,0,0,0,0,1,0,1,0,0,0,0,0,0,0,0,0,0,0,0,0,0,0,0,0,0,0,0,0,111,0,0,0,0,0,0,0,0,0,0,0,0,0,0,0,0,0,0,0,0,0,0,0,0,0,8,0,0,0,0,0,0,0,0,0,0,0,0,0,0,0,0,0,0,0,0,0,5,0,0,0,0,0,0,0,0,0,0,0,0,0,0,0,0,0,0,0,0
AS92CS11,7679,-32.08,26.13,Dung,Sub-Escarpment Grassland,222,18,0,0,0,2,0,0,29,0,0,7,0,0,1,0,67,0,0,0,0,0,0,0,0,0,0,5,0,0,0,0,0,0,0,0,0,0,0,3,0,2,0,0,0,0,0,0,0,0,0,0,0,0,0,0,0,0,0,0,0,0,0,1,0,0,0,0,0,0,0,0,0,0,0,0,2,0,0,0,0,0,0,0,0,0,0,1,0,69,1,0,0,0,0,0,0,0,0,0,0,0,0,0,0,0,0,0,0,0,0,3,10,0,0,0,0,0,0,1,0,0,0,0,0,0,0,0,0,0,0,0
AS92CS12,7682,-32.08,26.13,Dung,Sub-Escarpment Grassland,240,1,0,0,0,6,0,0,65,0,0,1,0,0,7,0,36,0,0,0,0,0,0,0,0,0,0,0,0,0,0,0,0,0,0,4,0,0,0,0,0,1,0,0,0,0,0,0,0,0,0,0,0,0,0,0,0,0,0,0,0,0,0,0,0,0,0,0,0,0,0,0,0,0,0,0,4,0,0,0,0,0,0,0,0,0,0,0,0,98,3,0,0,0,0,0,0,0,0,0,0,0,0,0,0,0,0,0,0,0,0,7,2,0,0,0,0,0,0,0,0,0,0,0,0,5,0,0,0,0,0,0
AS92CS13,7683,-32.08,26.13,Dung,Sub-Escarpment Grassland,172,1,0,0,0,7,0,0,32,0,0,2,0,0,2,0,38,0,0,0,0,0,0,0,0,0,0,0,0,0,0,0,0,0,0,0,0,0,0,3,0,0,0,0,0,0,0,0,0,0,0,0,0,0,0,0,0,0,0,0,0,0,0,2,0,0,0,0,0,0,0,0,0,0,0,0,3,0,0,0,0,0,0,0,0,0,0,0,0,64,1,0,0,0,0,0,0,0,0,0,0,0,0,0,0,0,0,0,0,0,0,10,3,0,0,0,0,0,0,0,0,1,0,0,1,2,0,0,0,0,0,0
Nieuw Beth,8935,-31.843444,24.504689,Surface soil,Upper Karoo,250,0,0,0,0,76,0,0,10,0,0,0,0,0,0,0,34,0,0,0,0,0,0,0,0,0,0,0,0,0,0,0,0,0,0,0,0,0,0,5,0,0,0,0,0,0,0,0,0,0,2,0,0,0,0,0,0,0,0,0,0,0,0,0,0,0,0,0,0,0,0,0,0,0,0,0,0,0,0,0,1,0,0,16,0,0,0,2,0,93,0,0,0,0,0,0,0,0,0,0,0,0,0,0,0,0,0,0,0,0,0,2,1,0,0,0,0,0,0,2,0,0,0,0,1,0,0,0,5,0,0,0
Loodsb P,8934,-31.835511,24.858719,Surface soil,Dry Highveld Grassland,200,0,0,0,0,3,0,0,20,0,0,3,0,0,0,0,108,0,0,0,0,0,0,0,0,0,0,0,0,0,0,0,0,0,0,0,0,0,0,4,0,0,0,0,0,0,1,0,0,0,1,0,0,0,0,0,0,0,0,0,0,0,0,0,0,0,0,0,0,0,0,0,0,0,0,0,0,0,0,0,7,0,0,4,0,0,0,0,0,15,0,0,0,0,0,0,0,0,0,1,0,0,0,0,0,0,0,0,0,0,0,1,0,0,0,0,0,0,0,28,0,0,0,0,0,1,0,0,3,0,0,0
AS92SCC8,1058,-31.692508,29.410012,Surface soil,Indian Ocean Coastal Belt,286,0,0,2,0,3,0,0,4,0,0,0,0,2,2,0,9,6,0,0,0,2,0,0,0,0,0,0,0,1,0,0,0,0,0,3,0,0,0,16,0,0,0,0,0,0,2,4,0,0,0,0,0,0,0,0,0,0,0,0,0,0,0,2,0,0,0,0,2,0,3,1,0,0,0,0,10,0,0,0,0,0,0,0,0,0,8,32,0,52,10,0,0,0,0,0,2,7,0,1,0,0,0,42,0,0,0,0,6,1,0,0,10,0,0,0,3,0,0,4,4,0,0,0,0,3,0,0,22,5,0,0
AS92SCC9,1059,-31.692508,29.410012,Surface soil,Indian Ocean Coastal Belt,260,0,0,1,0,6,0,0,17,0,0,1,0,0,0,0,2,6,0,0,1,0,0,0,0,0,0,0,2,0,0,0,0,0,0,1,1,0,0,15,0,0,0,0,0,0,0,2,0,0,0,0,0,0,0,0,0,0,0,0,0,0,0,3,0,0,0,0,0,0,4,0,0,0,0,0,6,0,0,0,0,0,0,0,0,0,9,10,0,28,4,0,0,0,0,0,2,4,0,0,0,0,0,101,0,0,0,0,2,0,0,2,6,0,0,0,2,0,0,2,1,0,1,0,0,3,0,1,13,1,0,0
AS92SCC0,1060,-31.692508,29.410012,Surface soil,Indian Ocean Coastal Belt,255,0,0,6,0,1,17,0,5,0,0,2,0,5,1,0,5,0,0,0,2,1,0,0,0,0,0,0,1,0,0,1,0,0,0,2,0,0,0,10,0,0,0,0,0,0,0,18,0,0,0,0,0,0,0,0,0,0,0,0,0,0,0,1,0,0,0,0,0,0,0,0,0,0,0,0,10,0,0,0,0,0,0,0,0,0,3,5,0,20,56,0,0,0,1,0,13,5,0,0,0,0,0,32,0,0,0,0,13,0,0,0,3,0,0,0,1,0,0,3,1,0,0,0,0,2,0,0,9,0,0,0
Zoetvlei koppie,9608,-31.55,24.2317,Surface soil,Upper Karoo,242,0,0,0,0,0,0,0,96,0,0,0,0,0,0,0,57,0,0,0,0,0,0,0,0,0,0,0,0,0,0,0,0,0,0,1,0,0,0,0,0,0,0,0,0,0,0,0,0,0,0,0,0,0,0,0,0,0,0,0,0,0,0,1,0,0,0,0,0,0,0,0,0,0,0,0,1,0,0,0,0,0,0,0,0,0,0,0,0,76,0,0,0,0,0,0,0,0,0,0,0,0,0,0,0,0,0,0,0,0,0,1,2,0,0,0,0,0,0,2,0,0,0,0,0,5,0,0,0,0,0,0
37F,F9685,-31.5455,24.3915,Filter,Upper Karoo,245,0,0,0,0,5,0,0,28,0,0,0,0,0,0,0,126,0,0,0,0,0,0,0,0,0,0,0,0,0,0,0,0,0,0,11,0,0,0,3,0,0,0,0,0,0,0,0,0,0,0,0,0,0,0,0,0,0,0,0,0,0,0,0,0,0,0,0,0,0,0,0,0,0,0,0,2,0,0,0,0,0,0,0,0,0,0,0,0,63,0,0,0,0,0,0,0,0,0,0,0,0,1,0,0,0,0,0,0,0,0,0,1,0,0,0,0,0,0,0,0,1,0,0,0,0,0,0,4,0,0,0
36F,F9684,-31.5295,24.5794,Filter,Upper Karoo,248,1,0,0,0,6,0,0,23,0,0,0,0,0,0,0,117,0,0,0,0,0,0,0,0,0,0,0,0,0,0,0,0,0,0,10,0,0,0,3,0,0,0,0,0,0,0,0,0,0,0,0,0,0,0,0,0,0,0,0,0,0,0,0,0,0,0,0,0,0,0,0,0,0,0,0,1,0,0,0,0,0,0,0,0,0,0,0,0,77,0,0,0,0,0,0,0,0,0,0,0,0,1,0,0,0,0,0,0,0,0,0,0,0,0,0,0,0,0,0,0,3,0,0,2,1,0,0,3,0,0,0
Zoetvlei1,8929,-31.495014,24.265439,Surface soil,Upper Karoo,250,0,0,0,0,4,0,0,25,0,0,1,0,0,0,0,191,0,0,0,0,0,0,0,0,0,0,0,0,0,0,0,0,0,0,0,0,0,0,0,0,0,0,0,0,0,0,0,0,0,0,0,0,0,0,0,0,0,0,0,0,0,0,0,0,0,0,0,0,0,0,0,0,0,0,0,0,0,0,0,1,0,0,11,0,0,0,0,0,7,0,0,0,0,0,0,0,0,0,0,0,1,0,0,0,0,0,0,0,0,0,0,2,0,0,0,0,0,0,0,0,0,0,0,0,0,0,0,7,0,0,0
Zoetvlei2,8930,-31.495014,24.265439,Surface soil,Upper Karoo,250,0,0,0,0,18,0,0,52,0,0,0,1,0,6,0,134,0,0,0,0,0,0,0,0,0,0,0,0,0,0,0,0,0,0,0,0,0,0,12,0,0,0,0,0,0,0,0,0,0,0,0,0,0,0,0,0,0,0,0,0,0,0,1,0,0,0,0,0,0,0,1,0,0,1,0,0,0,0,0,0,0,0,9,0,0,0,2,0,3,0,0,0,0,0,0,0,0,0,3,0,0,0,0,0,0,0,0,0,0,0,0,1,0,0,0,0,0,0,2,0,0,0,0,0,1,0,1,2,0,0,0
33S,S9686,-31.475,24.35,Surface soil,Upper Karoo,247,0,0,0,0,3,0,0,31,0,0,0,0,0,0,0,197,0,0,0,0,0,0,0,0,0,0,0,0,0,0,0,0,0,0,0,0,0,0,0,0,0,0,0,0,0,0,0,0,0,0,0,0,0,0,0,0,0,0,0,0,0,0,0,0,0,0,0,0,0,0,0,0,0,0,0,0,0,0,0,0,0,0,0,0,0,0,0,0,5,0,0,0,0,0,0,0,0,0,0,0,0,0,0,0,0,0,0,0,0,0,0,0,0,0,0,0,0,0,0,0,0,0,0,0,0,0,0,11,0,0,0
Haaskraal,8931,-31.46735,26.273833,Surface soil,Dry Highveld Grassland,250,0,0,0,0,2,0,0,54,0,0,0,0,0,2,0,95,0,0,0,0,0,0,0,0,0,0,0,0,0,0,0,0,0,0,0,0,0,0,5,0,0,0,0,0,0,0,1,0,0,0,0,0,0,0,0,0,0,0,0,0,0,0,0,0,0,0,0,0,0,0,0,0,0,0,0,0,0,0,0,0,0,0,17,0,0,0,0,0,5,0,0,0,0,0,0,0,0,0,0,0,0,0,0,0,0,0,0,0,0,0,66,0,0,0,0,0,0,0,2,0,0,0,0,0,0,0,0,1,0,0,0
AS92CS28,10413,-31.152932,25.067762,Dung,Dry Highveld Grassland,239,0,0,0,0,5,0,0,20,0,0,2,0,0,14,0,94,0,0,0,0,0,0,0,0,1,0,0,0,0,0,0,0,0,0,0,0,0,0,7,0,8,0,0,0,0,0,1,0,0,0,0,0,0,0,0,0,0,0,0,0,0,0,0,0,0,0,0,0,0,0,0,0,0,0,0,1,0,0,0,0,0,0,0,0,0,0,1,0,22,1,0,0,0,0,0,0,4,0,7,0,0,0,0,0,0,0,0,0,0,0,8,15,0,0,0,0,0,0,26,0,2,0,0,0,0,0,0,0,0,0,0
AS92CS20,10416,-31.152932,25.067762,Surface soil,Dry Highveld Grassland,250,0,0,0,0,1,0,0,2,0,0,4,0,0,20,0,76,0,0,0,0,0,0,0,0,0,0,0,0,0,0,0,0,0,0,2,0,0,0,0,0,9,0,0,0,0,0,35,0,0,0,0,0,0,0,0,0,0,0,0,0,0,0,0,0,0,0,0,0,0,0,0,0,0,0,0,12,0,0,0,0,0,0,0,0,0,0,0,0,31,0,0,0,0,0,0,0,0,0,19,0,0,0,0,0,0,0,0,0,0,0,23,0,0,0,0,0,0,0,12,0,0,0,0,1,3,0,0,0,0,0,0
Meerkat,10457,-31.152932,25.067762,Surface soil,Dry Highveld Grassland,249,0,0,0,0,5,0,0,13,0,0,7,0,0,14,3,101,0,0,0,0,0,0,0,0,0,0,0,0,0,0,0,0,0,0,0,0,0,0,0,0,1,0,0,0,0,0,1,0,0,0,0,0,0,0,0,0,0,0,0,0,0,0,0,0,0,0,2,0,0,0,0,0,0,0,0,1,0,0,0,0,0,0,0,0,0,0,0,2,12,0,0,0,0,0,0,0,0,0,0,0,0,0,0,0,0,0,1,0,0,0,0,4,0,35,0,0,0,0,44,0,2,0,0,0,0,0,0,1,0,0,0
AS92CS29,10415,-31.143278,25.013775,Surface soil,Sub-Escarpment Grassland,245,0,0,0,0,3,0,1,29,0,0,2,0,0,0,3,102,0,0,0,0,0,0,0,0,0,1,0,0,0,0,0,0,0,0,0,0,0,0,1,0,3,0,0,0,0,0,4,0,0,0,0,0,0,0,0,0,0,0,0,0,0,0,0,0,0,0,0,0,0,0,0,0,0,0,0,3,0,0,0,1,4,0,0,0,0,0,1,0,30,0,1,0,0,0,0,0,0,0,0,0,0,0,0,0,0,0,6,0,0,0,5,8,0,0,0,0,0,0,4,0,23,0,0,1,0,0,0,9,0,0,0
AS92CS22,10417,-31.143278,25.013775,Dung,Sub-Escarpment Grassland,250,0,0,0,0,0,0,0,1,0,0,0,0,0,0,0,221,0,0,0,0,0,0,0,0,0,0,0,0,0,0,0,0,0,0,0,0,0,0,0,0,14,0,0,0,0,0,0,0,0,0,0,0,0,0,0,0,0,0,0,0,0,0,2,0,0,0,0,0,0,0,0,0,0,0,0,0,0,0,0,0,0,0,0,0,0,0,0,0,5,0,0,0,0,0,0,0,0,0,0,0,0,0,0,0,0,0,0,0,0,0,7,0,0,0,0,0,0,0,0,0,0,0,0,0,0,0,0,0,0,0,0
Oppermanskop,10414,-31.143278,25.0144,Surface soil,Sub-Escarpment Grassland,250,0,0,0,0,5,0,0,20,0,0,3,0,0,0,0,90,0,0,0,0,0,0,0,0,0,0,0,0,0,0,0,0,0,0,1,0,0,0,7,0,2,0,0,0,0,0,6,0,0,0,0,0,0,0,0,0,0,0,0,0,0,0,2,0,0,0,0,0,0,0,0,0,0,0,0,4,0,0,0,0,0,0,0,0,0,0,0,1,84,0,0,0,0,0,0,0,0,0,0,0,0,0,0,0,0,0,1,0,0,0,6,3,0,1,0,0,0,1,0,0,9,0,0,0,0,0,0,4,0,0,0
AS92CS27,9586,-31.14,25.06,Surface soil,Dry Highveld Grassland,253,0,0,0,0,3,0,0,5,0,0,4,0,0,1,0,79,0,0,0,0,0,0,0,0,2,0,0,0,0,0,0,0,0,0,1,0,0,0,1,0,2,0,0,0,0,0,0,0,0,0,0,0,0,0,0,0,0,0,0,0,0,0,0,0,0,0,0,0,0,0,0,0,0,0,0,0,0,0,0,0,0,0,0,0,0,0,0,0,24,0,0,0,0,0,0,0,0,0,0,0,0,0,0,0,0,0,0,0,0,0,6,6,0,0,0,0,0,0,118,0,1,0,0,0,0,0,0,0,0,0,0
34F,F9682,-31.0409,24.5237,Filter,Upper Karoo,244,0,0,0,0,0,0,0,95,0,0,0,0,0,0,0,108,0,0,0,0,0,0,0,0,0,0,0,0,0,0,0,0,0,0,0,0,0,0,1,0,0,0,0,0,0,0,0,0,0,0,0,0,0,0,0,0,0,0,0,0,0,0,0,0,0,0,0,0,0,0,0,0,0,0,0,4,0,0,0,0,0,0,0,0,0,0,0,0,31,0,0,0,0,0,0,0,0,0,0,0,0,0,0,0,0,0,0,0,0,0,0,0,0,0,0,0,0,0,0,0,3,0,0,1,0,0,0,1,0,0,0
32S,S9681,-31.0136,24.5605,Surface soil,Upper Karoo,242,0,0,0,0,0,0,0,110,0,0,0,0,0,0,0,83,0,0,0,0,0,0,0,0,0,0,0,0,0,0,0,0,0,0,4,0,0,0,7,0,0,0,0,0,0,0,0,0,0,0,0,0,0,0,0,0,0,0,0,0,0,0,0,0,0,0,0,0,0,0,0,0,0,0,0,0,0,0,0,0,0,0,0,0,0,0,0,0,33,0,0,0,0,0,0,0,0,0,0,0,0,0,0,0,0,0,0,0,0,0,0,1,0,0,0,0,0,0,0,0,3,0,0,1,0,0,0,0,0,0,0
AS92CS23,7445,-30.98,25.73,Dung,Upper Karoo,236,0,0,0,0,11,0,0,14,0,0,3,0,0,3,0,22,0,0,0,0,0,0,0,0,0,0,0,0,0,0,0,0,0,0,0,0,0,0,17,0,0,0,0,0,0,0,0,0,0,24,0,0,0,0,0,0,0,0,0,0,0,0,8,0,0,0,0,0,0,0,0,0,0,0,0,20,0,0,0,0,0,0,0,0,0,0,0,0,84,1,0,0,0,0,0,0,1,0,15,0,0,0,0,0,0,0,0,0,0,0,5,6,0,0,0,0,0,0,1,0,0,1,0,0,0,0,0,0,0,0,0
AS92CS24,7446,-30.98,25.73,Dung,Upper Karoo,238,0,0,0,0,0,0,0,3,0,0,5,0,0,2,0,60,0,0,0,0,0,0,0,0,0,0,0,0,0,0,0,0,0,0,0,0,0,0,1,0,0,0,0,0,0,0,0,0,0,1,0,0,0,0,0,0,0,0,0,0,0,0,0,0,0,0,0,0,0,0,0,0,0,0,0,1,0,0,0,0,0,0,0,0,0,0,0,0,149,0,0,0,0,0,0,0,2,0,9,0,0,0,0,0,0,0,0,0,0,0,0,4,0,0,0,0,0,0,0,0,0,1,0,0,0,0,0,0,0,0,0
Badsfontein,7434,-30.870194,25.813469,Surface soil,Upper Karoo,272,0,0,0,0,99,0,0,25,0,0,0,0,0,0,0,49,0,0,0,0,0,0,0,0,0,0,0,0,0,0,0,0,0,0,0,0,0,0,20,0,2,0,0,0,0,1,0,0,0,0,0,0,0,0,0,0,0,0,0,0,0,0,0,0,0,0,0,0,0,0,0,0,0,1,0,0,0,1,0,0,0,0,5,0,0,0,1,0,55,0,0,0,0,0,0,0,0,0,0,0,0,0,0,0,0,0,0,0,0,0,0,2,0,0,0,0,0,0,0,0,0,0,0,0,0,0,10,1,0,0,0
35F,F9683,-30.85,24.24,Filter,Upper Karoo,250,1,0,0,0,7,0,0,84,0,0,0,0,0,0,0,75,0,0,0,0,0,0,0,0,0,0,0,0,0,0,0,0,0,0,15,0,0,0,0,0,0,0,0,0,0,0,0,0,0,0,0,0,0,0,0,0,0,0,0,0,0,0,0,0,0,0,0,0,0,0,0,0,0,0,0,1,0,0,0,0,0,0,0,0,0,0,0,0,59,0,0,0,0,0,0,0,0,0,0,0,0,1,0,0,0,0,0,0,0,0,0,0,0,0,0,0,0,0,0,0,6,0,0,0,0,0,0,1,0,0,0
AS92SCC7,1057,-29.81,31.04,Surface soil,Indian Ocean Coastal Belt,256,0,0,2,0,0,0,0,4,7,0,0,1,0,0,0,14,0,0,0,0,3,0,0,0,0,0,1,0,0,0,0,0,0,0,1,0,0,0,45,0,0,0,0,0,0,0,0,0,0,0,0,2,0,0,0,0,0,0,0,0,0,0,0,0,0,0,0,0,1,22,1,0,0,0,0,7,0,0,0,0,0,0,0,0,0,1,5,0,63,5,1,0,0,0,1,0,18,1,1,0,0,0,8,0,0,0,0,0,1,0,0,2,0,0,0,5,0,0,0,0,0,2,0,0,9,0,0,19,3,0,0
ASSCOT1,5890,-29.53,28.34,Surface soil,Drakensberg Grassland,300,0,0,0,0,12,0,0,3,0,0,17,0,0,0,0,26,0,0,0,0,0,0,0,0,0,0,0,0,0,0,0,0,0,0,0,0,1,0,34,0,0,0,0,0,0,135,0,0,0,0,0,0,0,4,0,0,0,0,0,0,0,0,0,0,0,0,0,0,1,0,0,0,0,0,0,0,0,0,0,25,0,0,0,0,0,0,3,0,34,0,0,0,0,0,0,0,0,0,0,0,0,0,0,0,0,0,0,0,0,0,0,0,0,0,0,0,0,0,1,0,0,0,0,0,1,0,0,3,0,0,0
AS92CS8,9990,-29.34,18.68,Dung,Bushmanland,236,0,0,63,0,74,0,0,3,0,0,0,0,0,0,0,57,0,0,0,0,0,0,0,0,0,0,0,0,0,0,0,0,0,0,0,0,0,0,0,0,0,0,0,0,0,0,0,4,0,0,2,0,0,0,0,0,0,0,0,0,0,0,5,0,0,0,0,0,0,0,0,0,0,0,0,0,0,0,0,0,0,0,0,0,0,0,0,0,8,0,0,0,0,0,0,0,16,0,0,0,0,0,0,0,0,0,0,0,0,0,0,1,0,0,0,0,0,0,0,0,1,0,0,2,0,0,0,0,0,0,0
AS92CS9,9991,-29.34,18.68,Dung,Bushmanland,231,0,0,37,0,71,0,0,3,0,0,0,0,0,0,0,37,0,0,0,0,0,0,0,0,0,0,0,0,0,0,0,0,0,0,1,0,0,0,0,0,0,0,0,0,0,0,0,1,0,0,2,0,0,0,0,0,0,0,0,0,0,0,1,0,0,0,0,0,0,0,0,0,0,0,0,0,0,0,0,0,0,0,0,0,0,0,0,0,10,0,0,0,0,0,0,0,63,0,0,0,0,0,0,0,0,0,0,0,0,0,0,0,0,0,0,0,0,0,0,0,0,0,0,5,0,0,0,0,0,0,0
ASSCOT10,6611\2,-29.215883,27.470244,Surface soil,Mesic Highveld Grassland,493,1,0,1,0,0,0,0,8,0,0,9,0,0,0,0,14,0,0,0,0,0,0,0,1,0,0,0,104,12,5,0,0,0,0,0,0,0,0,47,0,0,0,0,0,0,2,7,0,0,0,0,0,0,0,0,0,0,0,0,0,0,0,0,0,1,0,0,0,0,1,0,0,0,8,0,2,0,0,0,0,0,0,1,0,0,0,97,0,72,0,1,0,0,0,0,0,0,0,4,0,0,0,0,0,0,0,0,0,0,0,0,70,0,0,0,0,0,0,3,0,2,4,0,1,12,0,0,3,0,0,0
Karroid,8356,-29.191667,25.750869,Surface soil,Dry Highveld Grassland,245,0,0,0,0,13,0,0,49,0,0,0,0,0,0,0,163,0,0,0,0,0,0,0,0,0,0,0,0,0,0,0,0,0,0,0,0,0,0,5,0,0,0,0,0,0,0,0,0,0,0,0,0,0,0,0,0,0,0,0,0,0,0,0,0,0,0,0,0,0,0,0,0,0,1,0,1,0,0,0,0,0,0,0,0,0,0,3,0,7,0,0,0,0,0,0,0,0,0,0,0,0,0,0,0,0,0,0,0,0,0,0,0,0,0,0,0,0,0,0,0,0,0,0,0,0,0,0,3,0,0,0
SS surface,8355,-29.190556,25.753442,Surface soil,Dry Highveld Grassland,250,0,0,0,0,0,0,0,181,0,0,1,0,0,0,0,9,0,0,0,0,0,0,0,0,0,0,0,0,0,0,0,0,0,0,0,0,0,0,0,0,0,0,0,0,0,0,0,0,0,0,0,0,0,0,0,0,0,1,0,0,0,0,0,0,0,0,0,0,0,0,0,0,0,1,0,1,0,0,0,0,0,0,1,0,0,0,0,0,52,0,0,0,0,0,0,0,0,0,0,0,0,0,0,0,0,0,0,0,0,0,1,0,0,0,0,0,0,0,0,0,0,0,0,0,0,0,0,2,0,0,0
pan fl/2nd spr,8357,-29.188611,25.7625,Surface soil,Dry Highveld Grassland,250,0,0,0,0,1,0,0,11,0,0,1,0,0,0,0,10,0,0,0,0,0,0,0,0,0,0,0,0,0,0,1,0,0,0,0,0,0,0,171,0,0,0,0,0,0,0,0,0,0,0,0,0,0,0,0,0,0,0,0,0,0,0,0,0,0,1,0,0,0,0,0,0,0,1,0,0,0,0,0,0,0,0,0,0,0,0,0,0,19,0,0,0,0,0,0,0,0,0,1,0,0,0,0,0,0,0,0,0,0,0,33,0,0,0,0,0,0,0,0,0,0,0,0,0,0,0,0,0,0,0,0
pan fl/springs,8358,-29.186944,25.744444,Surface soil,Dry Highveld Grassland,260,0,0,0,0,2,0,0,27,0,0,5,0,0,1,0,35,0,0,0,0,0,0,0,0,6,0,0,0,0,0,0,0,0,0,0,0,0,0,71,0,0,0,0,0,0,0,1,0,0,0,0,0,0,0,0,0,0,1,0,0,0,0,0,0,0,0,0,0,0,0,0,0,0,0,0,3,0,7,0,0,2,0,0,0,0,0,14,0,34,2,0,0,0,0,0,0,0,0,0,0,0,0,0,13,0,0,0,0,0,0,0,8,0,0,0,0,0,0,0,0,5,1,0,2,0,0,0,20,0,0,0
Western koppie,8375,-29.179444,25.745092,Surface soil,Dry Highveld Grassland,256,0,0,0,0,6,0,0,18,0,0,0,1,0,17,0,133,0,0,0,0,0,0,0,0,1,0,0,0,0,0,0,0,0,0,0,0,0,0,19,0,0,0,0,0,0,0,0,0,0,0,0,0,0,0,0,0,0,0,0,0,0,0,0,0,0,0,0,0,0,0,0,0,0,0,0,5,0,0,0,0,0,0,0,0,0,0,0,0,24,0,0,0,0,0,0,0,0,0,0,0,0,0,0,0,0,0,0,0,0,0,0,0,0,0,0,0,0,0,0,0,10,0,0,0,0,0,0,22,0,0,0
13F,F9274,-29.11,24.76,Filter,Upper Karoo,241,4,0,1,0,3,0,0,33,0,0,0,0,0,0,0,65,0,0,0,0,0,0,0,0,0,0,0,0,0,0,0,0,0,0,1,0,0,0,2,0,0,0,0,0,0,0,1,0,0,0,0,0,0,0,0,0,0,0,0,0,0,0,0,0,0,0,0,0,0,0,0,0,0,0,0,4,0,0,0,0,0,0,0,0,0,0,0,0,82,0,0,0,0,0,0,0,0,0,0,0,0,0,0,0,0,0,0,0,0,0,0,4,0,0,0,0,0,0,0,0,23,0,0,5,1,0,0,12,0,0,0
14F,F9275,-29.11,24.76,Filter,Upper Karoo,238,4,0,0,0,4,0,0,20,0,0,0,0,0,0,0,113,0,0,0,0,0,0,0,0,1,0,0,0,0,0,0,0,0,0,1,0,0,0,1,0,0,0,0,0,0,0,0,0,0,0,0,0,0,0,0,0,0,0,0,0,0,0,0,0,0,0,0,0,0,0,0,0,0,0,0,2,0,0,0,0,0,0,0,0,0,0,0,0,48,0,0,0,0,0,0,0,0,0,0,0,0,0,0,0,0,0,0,0,0,0,0,4,0,0,0,0,0,0,0,0,25,0,0,6,1,0,0,8,0,0,0
15F,F9863,-29.11,24.76,Filter,Upper Karoo,238,5,0,0,0,3,0,0,39,0,0,0,0,0,0,0,56,0,0,0,0,0,0,0,0,1,0,0,0,0,0,0,0,0,0,2,0,0,0,3,0,0,0,0,0,0,0,2,0,0,0,0,0,0,0,0,0,0,0,0,0,0,0,0,0,0,0,0,0,0,0,0,0,0,0,0,5,0,0,0,0,0,0,0,0,0,0,0,0,106,0,0,0,0,0,0,0,0,0,0,0,0,1,0,0,0,0,0,0,0,0,0,2,0,0,0,0,0,0,0,0,2,0,0,1,2,0,0,8,0,0,0
AS92CS25,9930,-29.01,26.25,Dung,Dry Highveld Grassland,237,0,0,0,0,1,0,0,5,0,0,0,0,0,1,0,49,0,0,0,0,0,0,0,0,0,0,0,0,0,0,0,0,0,0,5,0,0,0,0,0,0,0,0,0,0,0,0,0,0,0,0,0,0,0,0,0,0,0,0,0,0,0,3,0,0,0,0,0,0,0,0,0,0,0,0,8,0,0,0,0,0,0,0,0,0,0,2,0,138,0,0,0,0,0,0,0,0,0,0,0,0,0,0,0,0,0,0,0,0,0,2,18,0,0,0,0,0,0,0,0,0,0,0,5,0,0,0,0,0,0,0
AS92CS7,9543,-29,19.43,Dung,Gariep Desert,154,0,0,16,0,71,0,0,1,0,0,0,0,0,1,0,35,0,0,0,0,0,0,0,0,1,0,0,0,0,0,0,0,0,0,0,0,0,0,0,0,1,0,0,0,0,0,4,0,0,0,0,0,0,0,0,0,0,0,0,0,0,0,1,0,0,0,0,0,0,0,0,0,0,0,0,0,0,0,0,0,0,0,0,0,0,0,0,0,15,0,0,0,0,0,0,0,0,0,0,0,0,0,0,0,0,0,0,0,0,0,2,4,0,0,0,0,0,0,0,0,0,0,0,2,0,0,0,0,0,0,0
AS92SCC2,9838,-29,31.72,Surface soil,Indian Ocean Coastal Belt,100,0,0,2,0,0,0,0,2,0,0,0,0,2,0,0,4,0,0,0,0,8,0,0,0,0,0,0,0,0,0,1,0,0,0,1,0,0,0,7,0,0,0,0,0,0,0,0,1,0,0,1,0,0,0,0,0,0,0,0,0,0,0,0,0,0,0,0,0,0,9,0,0,0,5,0,30,0,0,0,0,0,0,0,0,0,0,0,0,4,0,0,0,0,0,0,0,1,0,0,0,0,0,0,0,0,0,0,9,0,0,0,1,0,0,0,1,0,0,1,0,0,0,0,0,0,0,1,9,0,0,0
AS92SCC3,9839,-29,31.72,Surface soil,Indian Ocean Coastal Belt,250,0,0,0,0,0,0,0,3,0,0,0,0,2,0,0,8,0,1,0,0,1,0,0,0,0,0,0,1,0,0,1,0,0,0,0,0,0,0,12,0,0,0,0,0,0,0,1,0,0,0,1,0,0,0,0,0,0,0,0,0,0,0,0,0,0,0,0,0,0,132,0,0,0,6,0,6,0,0,0,2,0,0,0,0,0,0,0,0,11,1,0,0,0,0,0,31,0,0,0,0,0,0,0,0,0,0,0,10,0,0,0,0,0,0,0,2,0,0,1,0,0,0,0,0,3,0,0,13,1,0,0
AS92SCC4,9840,-29,31.72,Surface soil,Indian Ocean Coastal Belt,250,0,0,0,0,0,0,0,1,0,0,0,0,0,0,0,5,0,0,0,0,0,0,0,0,1,0,0,1,0,0,3,0,0,0,0,0,0,0,4,0,0,0,0,0,0,0,0,0,1,0,0,0,0,0,0,0,0,0,0,0,0,0,0,0,0,0,0,0,0,162,0,0,0,8,0,2,0,0,0,16,0,0,0,0,0,0,0,0,7,1,0,0,0,0,0,2,0,0,0,0,0,0,0,0,0,0,0,17,0,0,0,2,0,0,0,1,0,0,0,0,0,0,0,0,1,0,0,14,1,0,0
AS92SCC5,9841,-29,31.72,Surface soil,Indian Ocean Coastal Belt,250,1,1,0,0,1,0,0,1,0,0,0,1,0,0,0,4,0,0,0,0,0,0,0,0,0,0,0,1,0,0,2,0,0,0,0,0,0,0,10,0,0,0,0,0,0,0,3,0,0,0,0,0,0,0,0,0,0,0,0,0,0,0,0,0,0,0,0,0,0,39,0,0,0,5,0,1,0,0,0,119,0,0,0,0,0,0,0,0,30,0,0,0,0,0,0,4,0,0,0,0,0,0,0,0,0,0,0,3,0,0,0,2,0,0,0,0,0,0,0,0,0,0,0,0,2,0,0,20,0,0,0
AS92SCC6,9842,-29,31.72,Surface soil,Indian Ocean Coastal Belt,250,0,0,0,0,0,0,0,1,0,0,0,0,0,0,0,79,0,0,0,0,0,0,0,0,0,0,0,1,1,0,0,0,0,0,1,0,0,0,10,0,0,0,0,0,0,0,4,0,2,0,0,0,0,0,0,0,0,0,0,0,0,0,0,0,0,1,0,0,0,7,3,0,0,3,0,4,0,0,0,49,0,0,0,0,0,0,0,0,40,0,0,0,0,0,0,1,0,0,1,0,0,0,0,0,0,0,0,2,16,0,0,1,0,0,0,0,0,0,0,0,0,0,1,0,0,0,0,22,0,0,0
AS92SCC1,9837,-28.95,31.77,Surface soil,Indian Ocean Coastal Belt,250,2,0,2,0,0,0,0,7,0,0,0,0,0,0,0,29,0,0,0,0,0,0,0,0,0,1,0,0,0,0,1,0,0,0,2,0,0,0,80,0,0,0,0,0,0,0,0,0,0,0,0,0,0,0,0,0,0,0,0,0,0,0,0,0,0,0,0,0,0,12,0,0,0,8,0,2,0,0,0,0,0,0,0,0,0,0,0,0,67,1,0,0,0,0,0,0,0,1,0,0,0,0,0,0,0,0,0,0,0,0,1,1,0,0,0,2,0,0,0,0,0,0,0,0,4,0,2,23,2,0,0
ASSCOT44,5799,-28.84,24.82,Surface soil,Eastern Kalahari Bushveld,252,2,0,0,0,1,0,0,74,0,0,0,0,0,0,0,37,0,0,0,0,0,0,0,0,0,0,0,0,0,0,0,0,0,0,0,0,0,0,5,0,1,0,0,0,0,0,0,0,0,0,0,0,0,0,0,0,0,0,0,0,0,0,0,0,0,0,0,0,0,0,1,0,0,0,0,0,0,5,0,0,0,0,0,0,0,0,3,0,94,1,2,0,0,0,0,0,11,0,0,0,0,0,0,0,0,0,0,0,0,0,9,0,0,0,0,0,0,0,0,0,0,0,0,1,1,0,0,4,0,0,0
ASSCOT43,5682,-28.83,24.83,Surface soil,Eastern Kalahari Bushveld,254,0,0,0,0,9,0,0,15,0,0,0,0,0,0,0,5,0,0,0,0,0,0,0,0,0,0,0,0,0,0,0,0,0,0,0,0,0,0,1,0,32,0,0,0,0,0,1,0,0,0,0,0,0,0,0,0,0,0,0,0,0,0,0,0,0,0,0,0,0,0,0,0,0,1,0,0,0,1,0,0,0,0,0,0,0,0,1,0,149,0,1,0,0,0,0,0,0,0,0,0,0,1,0,0,0,0,0,0,0,0,5,25,0,0,0,0,0,0,0,0,0,0,0,1,0,0,0,6,0,0,0
45F,F9680a,-28.8,26.08,Filter,Dry Highveld Grassland,249,5,0,0,0,0,0,0,156,0,0,0,0,0,0,0,23,0,0,0,0,0,0,0,0,0,0,0,0,0,0,0,0,0,0,2,0,0,0,2,0,0,0,0,0,0,0,1,0,0,0,0,0,0,0,0,0,0,0,0,0,0,0,0,0,0,0,0,0,0,0,0,0,0,0,0,0,0,0,0,0,0,0,0,0,0,0,0,0,49,0,0,0,0,0,0,0,0,0,0,0,0,1,0,0,0,0,0,0,0,0,0,0,0,0,0,0,0,0,0,0,3,0,0,4,1,0,0,2,0,0,0
44S,S9680b,-28.8,26.08,Surface soil,Dry Highveld Grassland,249,1,0,0,0,1,0,0,188,0,0,0,0,0,0,0,35,0,0,0,0,0,0,0,0,0,0,0,0,0,0,0,0,0,0,0,0,0,0,0,0,0,0,0,0,0,0,0,0,0,0,0,0,0,0,0,0,0,0,0,0,0,0,0,0,0,0,0,0,0,0,0,0,0,0,0,0,0,0,0,0,0,0,0,0,0,0,0,0,21,0,0,0,0,0,0,0,0,0,0,0,0,1,0,0,0,0,0,0,0,0,0,1,0,0,0,0,0,0,0,0,0,0,0,0,0,0,0,1,0,0,0
AS92CS26,7539,-28.78,19.32,Surface soil,Gariep Desert,254,0,0,0,0,18,0,0,0,0,0,0,0,0,0,0,63,0,0,0,0,0,0,0,0,1,0,0,0,0,0,0,0,0,0,0,0,0,0,0,0,0,0,0,0,0,0,0,16,0,0,0,0,0,0,0,0,0,0,0,0,0,0,1,0,0,0,0,0,0,0,0,0,0,0,0,0,0,0,0,0,0,0,0,0,0,0,0,0,153,0,0,0,0,0,0,0,0,0,0,0,0,0,0,0,0,0,0,0,0,0,0,1,0,0,0,0,0,0,0,0,0,0,0,1,0,0,0,0,0,0,0
ASSCOT2,9221,-28.73,28.89,Surface soil,Drakensberg Grassland,250,0,0,0,0,5,0,4,4,0,0,0,0,0,1,0,31,0,0,0,0,0,0,0,0,0,0,0,0,0,0,0,0,0,0,1,0,1,0,55,0,0,2,0,0,0,4,0,0,0,0,0,0,0,0,0,0,0,0,0,0,0,0,0,0,0,0,0,0,1,0,0,0,0,1,0,3,0,0,0,1,0,0,2,0,0,0,3,0,109,3,0,0,0,0,0,0,0,0,0,0,0,0,0,0,0,0,1,0,0,0,1,0,0,0,0,0,0,0,0,0,0,4,0,0,2,0,1,10,0,0,0
ASSCOT46,5874,-28.71,24.8,Surface soil,Eastern Kalahari Bushveld,139,4,0,1,0,3,0,0,3,0,0,0,0,0,1,0,2,0,0,0,0,0,0,0,0,1,0,0,0,0,0,0,0,0,0,0,1,0,0,2,0,0,0,0,0,0,1,3,0,0,0,0,0,0,0,0,0,0,0,0,0,0,0,0,0,0,0,0,0,0,0,0,0,0,0,0,0,0,1,0,0,0,0,0,0,0,0,11,0,9,0,0,0,0,0,0,0,0,0,0,0,0,0,0,54,0,0,2,0,0,0,0,2,0,0,0,0,0,0,0,0,34,0,0,0,2,0,0,2,0,0,0
ASSCOT3,9222,-28.68,28.9,Surface soil,Drakensberg Grassland,250,0,0,0,0,1,0,0,8,0,0,21,1,0,3,0,30,0,0,0,0,0,0,0,0,0,0,0,0,0,0,0,0,0,0,0,0,0,0,31,0,0,0,0,0,0,29,2,0,0,0,0,0,0,0,0,0,0,0,0,0,0,0,0,0,0,0,0,0,1,0,1,0,0,0,0,1,0,0,0,1,0,0,0,0,0,0,8,0,86,10,0,0,0,0,0,0,0,0,0,0,0,0,0,0,0,0,0,0,0,0,0,0,0,0,0,0,0,0,2,0,2,0,0,0,4,0,0,8,0,0,0
ASSCOT5,9223,-28.67,28.92,Surface soil,Drakensberg Grassland,273,1,0,0,0,1,0,5,4,0,0,4,0,0,0,0,17,0,0,0,0,0,0,0,0,0,0,0,0,0,0,0,0,0,0,1,0,1,0,28,0,0,0,0,0,0,17,2,0,0,0,0,0,0,0,0,0,0,0,0,0,0,0,0,0,0,0,0,0,0,1,0,0,0,1,0,0,0,0,0,0,0,0,2,0,0,0,13,0,140,9,0,0,0,10,0,0,0,0,0,0,0,0,0,0,0,0,0,0,0,0,2,2,0,0,0,0,0,0,0,0,0,0,0,1,3,0,1,7,0,0,0
ASSCOT6,9224,-28.67,28.92,Surface soil,Drakensberg Grassland,250,1,0,0,0,1,0,0,5,0,0,0,0,0,1,0,5,0,0,0,0,0,0,0,0,0,0,0,0,3,0,0,0,0,0,0,0,0,0,22,0,0,0,0,0,0,3,0,0,0,0,0,0,0,0,3,0,0,0,0,0,0,0,4,0,0,1,0,0,0,7,0,0,1,1,0,0,0,0,0,1,0,0,0,0,0,0,10,0,44,123,0,0,3,1,1,0,0,0,1,0,0,0,0,0,0,0,0,0,0,0,1,0,0,0,0,0,0,0,0,0,0,0,0,0,2,0,0,5,0,0,0
ASSCOT45,5708,-28.63,24.66,Surface soil,Eastern Kalahari Bushveld,778,0,0,0,0,24,0,0,11,0,0,0,0,0,0,0,28,0,0,0,0,0,0,0,0,0,0,0,0,0,0,0,0,0,0,0,0,0,0,223,0,0,0,0,0,0,0,1,0,0,0,0,0,0,0,0,0,0,0,0,0,0,0,0,0,0,0,0,0,0,0,0,0,0,0,0,0,0,0,0,0,0,0,0,0,0,0,0,0,476,0,0,0,0,0,0,0,0,0,0,0,0,0,0,0,0,0,0,0,0,0,8,0,0,0,0,0,0,0,0,0,5,0,0,0,0,0,0,2,0,0,0
3521,Winburg,-28.5535,26.975682,Dung,Dry Highveld Grassland,309,0,0,0,0,0,0,0,8,0,0,0,0,0,0,0,36,0,0,0,0,0,0,0,0,0,0,4,0,0,0,0,0,0,0,1,0,3,0,3,0,0,0,0,0,0,0,0,0,0,0,0,0,0,0,0,0,0,0,0,0,0,0,0,0,0,0,0,0,0,0,0,0,0,0,0,0,0,0,0,0,0,0,0,0,0,0,0,0,1,0,226,0,0,0,0,0,0,0,0,0,0,0,0,0,7,0,0,0,0,0,0,0,0,0,0,0,0,0,0,0,0,0,0,0,0,0,0,20,0,0,0
AS92CS10,7527,-28.53,16.92,Dung,Richtersveld,204,0,0,0,0,104,0,0,3,0,0,2,0,0,0,0,39,0,0,0,0,0,0,0,0,0,0,0,0,0,0,0,0,0,0,5,0,0,0,0,0,1,0,0,0,0,0,1,7,0,1,0,0,0,0,0,0,0,0,0,0,0,0,1,0,0,0,0,0,0,0,0,0,0,0,0,1,0,0,0,0,0,0,0,0,0,0,0,0,37,0,0,0,0,0,0,0,0,0,0,0,0,0,0,0,0,0,0,0,0,0,0,2,0,0,0,0,0,0,0,0,0,0,0,0,0,0,0,0,0,0,0
ASSCOT15,8414,-28.53,28.46,Surface soil,Mesic Highveld Grassland,241,0,0,0,0,0,0,0,12,1,0,0,0,0,5,0,10,0,0,0,0,0,0,0,0,0,0,0,0,0,0,0,0,0,0,0,0,0,0,106,0,0,0,0,0,0,1,0,0,1,0,0,7,0,0,0,0,0,0,0,0,0,0,2,0,0,0,0,0,0,2,0,0,0,3,0,0,0,1,0,0,0,0,0,0,0,0,15,0,59,0,0,0,0,0,0,0,0,0,0,0,0,0,0,0,0,0,0,0,0,0,0,2,0,0,0,0,0,0,0,0,0,0,0,0,3,0,1,10,0,0,0
ASSCOT16,8415,-28.53,28.46,Surface soil,Mesic Highveld Grassland,250,0,0,0,0,0,0,0,7,0,0,0,0,0,53,0,6,0,0,0,0,0,0,0,0,0,0,0,0,0,0,0,0,0,0,0,0,0,0,91,0,0,0,0,0,0,1,0,0,0,0,0,0,0,0,0,0,0,0,0,0,0,0,0,0,0,0,0,0,2,0,0,0,0,0,0,0,0,0,0,0,0,0,0,0,0,0,30,0,48,2,0,0,1,0,0,0,0,0,1,0,0,0,0,0,0,0,0,0,0,0,0,0,2,0,0,0,0,0,0,0,0,0,0,0,2,0,0,4,0,0,0
ASSCOT11,9251,-28.52,28.4,Surface soil,Mesic Highveld Grassland,167,0,0,0,0,1,0,0,3,1,0,5,1,0,4,0,33,0,0,0,0,0,1,0,0,0,0,2,0,0,0,0,0,0,0,0,0,0,0,8,0,0,1,0,0,1,3,1,1,0,1,0,0,0,0,0,0,0,0,0,0,0,0,0,0,0,0,0,0,0,2,0,0,0,5,0,0,0,0,0,0,0,0,1,0,0,0,5,0,75,0,0,0,0,0,0,0,0,0,0,0,0,0,0,0,0,0,0,0,0,0,2,2,0,0,0,0,0,0,0,0,0,1,0,0,4,0,0,3,0,0,0
ASSCOT14,9253,-28.52,28.46,Surface soil,Drakensberg Grassland,250,1,0,0,0,1,0,0,12,0,0,8,0,0,0,0,34,0,0,0,0,0,0,0,0,0,0,0,0,0,0,0,0,0,0,0,0,0,0,14,0,0,0,0,0,0,0,0,0,0,0,0,0,0,0,0,0,0,2,0,0,0,0,0,0,0,0,0,0,0,0,0,0,0,0,0,0,0,0,0,1,0,0,0,0,0,0,10,0,145,1,0,0,0,0,0,0,0,0,0,0,0,0,0,0,0,0,0,0,0,0,1,0,0,0,0,0,0,0,1,0,0,0,0,0,2,0,0,17,0,0,0
ASSCOT4,9250,-28.51,28.61,Surface soil,Drakensberg Grassland,300,1,0,0,0,0,0,0,10,0,0,0,0,0,0,0,9,0,0,0,0,0,0,0,0,0,1,0,0,0,0,0,0,0,0,0,0,0,0,62,0,0,0,0,0,0,0,0,0,0,0,0,0,0,0,0,0,0,0,0,0,0,0,0,0,0,0,0,0,0,0,0,0,0,0,0,0,0,0,0,0,0,0,0,0,0,0,8,0,200,2,0,0,0,0,0,0,0,0,0,0,0,0,0,0,0,0,0,0,0,0,2,0,0,0,0,0,0,0,2,0,0,0,0,0,0,1,0,2,0,0,0
3522,Clarens,-28.50272,28.41757,Dung,Mesic Highveld Grassland,308,3,0,0,0,0,0,0,0,0,0,5,0,0,7,0,58,0,0,0,0,0,11,0,0,0,0,2,0,0,0,0,0,0,0,0,0,2,0,4,0,0,0,0,0,0,7,17,0,0,0,0,0,0,0,0,0,0,0,0,0,21,0,0,0,0,0,0,0,0,0,0,2,2,0,0,61,1,0,0,0,0,0,0,10,0,0,0,0,0,0,61,0,0,0,0,0,0,0,0,0,0,6,0,0,0,2,0,0,0,0,0,0,0,0,0,0,0,0,0,0,0,0,0,0,0,0,0,26,0,0,0
ASSCOT7,8976,-28.5,28.39,Surface soil,Drakensberg Grassland,250,0,0,0,0,0,0,0,4,0,0,1,2,0,4,0,23,0,0,0,0,0,4,0,0,0,0,0,0,0,0,0,0,0,0,1,0,0,0,44,0,0,0,0,0,0,31,3,0,0,0,0,0,0,0,0,0,0,0,0,0,0,0,0,0,0,0,0,0,0,0,0,0,1,1,0,0,0,0,0,22,0,0,0,0,0,0,12,0,52,0,0,0,0,4,0,0,0,0,9,0,0,0,0,0,0,0,0,0,0,0,0,6,3,0,0,0,0,0,4,0,0,0,0,0,8,0,1,10,0,0,0
ASSCOT8,7687,-28.5,28.41,Dung,Drakensberg Grassland,306,0,0,0,0,0,0,0,10,0,0,14,0,0,5,0,73,0,0,0,0,0,9,0,0,0,0,0,0,0,30,0,0,0,0,0,0,0,0,10,0,0,0,0,0,0,3,2,0,0,0,0,0,0,2,0,0,0,0,0,0,0,0,4,0,0,0,0,0,0,1,0,0,0,2,0,2,0,0,0,6,0,0,51,0,0,0,1,0,53,0,0,0,0,0,0,0,0,0,1,0,0,0,0,0,0,3,0,0,0,0,0,7,1,0,0,0,0,0,0,0,5,2,0,0,0,0,0,9,0,0,0
38F,F10584,-28.49,25.26,Filter,Dry Highveld Grassland,218,0,0,0,0,0,0,0,20,0,0,0,0,0,0,0,5,0,0,0,0,0,0,0,0,0,0,0,0,0,0,0,0,0,0,0,0,0,0,6,0,0,0,0,0,0,0,0,0,0,0,0,0,0,0,0,0,0,0,0,0,0,0,0,0,0,0,0,0,0,0,0,0,0,0,0,1,0,0,0,0,0,0,0,0,0,0,0,0,174,0,0,0,0,0,0,0,0,0,0,0,0,0,0,0,0,0,0,0,0,0,0,0,0,0,0,0,0,0,0,0,0,0,0,2,0,0,0,10,0,0,0
AS92CS4,7534,-28.34,17.17,Dung,Gariep Desert,180,0,0,0,0,94,0,0,10,0,0,0,0,0,0,0,18,0,0,0,0,0,0,0,0,23,0,0,0,0,0,0,0,0,0,1,0,0,0,0,0,0,0,0,0,0,0,1,0,0,1,0,0,0,0,0,0,0,0,0,0,0,0,0,0,0,0,0,0,0,0,0,0,0,0,0,0,0,0,0,0,0,0,0,0,0,0,0,0,11,0,0,0,0,0,0,0,0,0,0,0,0,0,0,0,0,0,0,0,0,0,19,0,0,0,0,0,0,0,0,0,0,0,0,2,0,0,0,0,0,0,0
AS92CS5,7535,-28.34,17.17,Dung,Gariep Desert,220,0,0,0,0,195,0,0,1,0,0,0,0,0,0,0,11,0,0,0,0,0,0,0,0,0,0,0,0,0,0,0,0,0,0,0,0,0,0,0,0,0,0,0,0,0,0,0,7,0,2,0,0,0,0,0,0,0,0,0,0,0,0,0,0,0,0,0,0,0,0,0,0,0,0,0,1,0,0,0,0,0,0,0,0,0,0,0,0,2,0,0,0,0,0,0,0,0,0,0,0,0,0,0,0,0,0,0,0,0,0,0,0,0,0,0,0,0,0,0,0,0,0,0,1,0,0,0,0,0,0,0
AS92CS6,7536,-28.34,17.17,Dung,Gariep Desert,187,0,0,2,0,95,0,0,9,0,0,0,0,0,5,0,12,0,0,0,0,0,0,0,0,1,0,0,0,0,0,0,0,0,0,1,0,0,0,0,0,1,0,0,0,0,0,1,1,0,2,0,0,0,0,0,0,0,0,0,0,0,0,0,0,0,0,0,0,0,0,0,0,0,0,0,4,0,0,0,0,0,0,0,0,0,0,0,0,43,0,0,0,0,0,0,0,0,0,0,0,0,0,0,0,0,0,0,0,0,0,7,0,0,0,0,0,0,0,0,0,0,0,0,3,0,0,0,0,0,0,0
30F,F9678,-28.33,23.46,Filter,Eastern Kalahari Bushveld,248,0,0,0,0,0,0,0,13,0,0,0,0,0,0,0,23,0,0,0,0,0,0,0,0,0,0,0,0,0,0,0,0,0,0,0,0,0,0,1,0,0,0,0,0,0,0,0,0,0,0,0,0,0,0,0,0,0,0,0,0,0,0,0,0,0,0,0,0,0,0,0,0,0,0,0,87,0,0,0,0,0,0,0,0,0,0,0,0,92,0,0,0,0,0,0,0,0,0,0,0,0,1,0,0,0,0,0,0,0,0,0,6,0,0,0,0,0,0,0,0,19,0,0,1,0,0,0,5,0,0,0
31F,F9848,-28.33,23.46,Filter,Eastern Kalahari Bushveld,244,1,0,0,0,0,0,0,2,0,0,0,0,0,0,0,28,0,0,0,0,0,0,0,0,1,0,0,0,0,0,0,0,0,0,1,0,0,0,0,0,0,0,0,0,0,0,0,0,0,0,0,0,0,0,0,0,0,0,0,0,0,0,0,0,0,0,0,0,0,0,0,0,0,0,0,72,0,0,0,0,0,0,0,0,0,0,0,0,105,0,0,0,0,0,0,0,0,0,0,0,0,2,0,0,0,0,0,0,0,0,0,8,0,0,0,0,0,0,0,0,4,0,0,6,0,0,0,14,0,0,0
AS92CS2,7530,-28.3,17.1,Dung,Richtersveld,219,0,0,0,0,80,0,0,11,0,0,0,0,0,0,0,51,0,0,0,0,0,0,0,0,0,0,0,0,0,0,0,0,0,0,2,0,0,0,1,0,1,0,0,0,0,0,2,0,0,0,0,0,0,0,0,0,0,0,0,0,0,0,0,0,0,0,0,0,0,0,0,0,0,0,0,18,0,0,0,0,0,0,0,0,0,0,0,0,52,0,0,0,0,0,0,0,0,0,0,0,0,0,0,0,0,0,0,0,0,0,0,1,0,0,0,0,0,0,0,0,0,0,0,0,0,0,0,0,0,0,0
AS92CS3,7531,-28.3,17.1,Dung,Richtersveld,208,1,0,1,0,91,0,0,37,0,0,0,0,0,0,0,32,0,0,0,0,0,0,0,0,1,0,0,0,0,0,0,0,0,0,4,0,0,0,0,0,3,0,0,0,0,0,3,1,0,0,0,0,0,0,0,0,0,0,0,0,0,0,0,0,0,0,0,0,0,0,0,0,0,0,0,5,0,0,0,0,0,0,0,0,0,0,0,0,20,0,0,0,0,0,0,0,0,0,0,0,0,2,0,0,0,0,0,0,0,0,6,0,0,0,0,0,0,0,0,0,0,0,0,1,0,0,0,0,0,0,0
AS92CS1,7529,-28.28,16.95,Dung,Richtersveld,203,0,0,0,0,158,0,0,4,0,0,0,0,0,0,0,29,0,0,0,0,0,0,0,0,0,0,0,0,0,0,0,0,0,0,0,0,0,0,0,0,0,0,0,0,0,0,1,1,0,1,0,0,0,0,0,0,0,0,0,0,0,0,2,0,0,0,0,0,0,0,0,0,0,0,0,0,0,0,0,0,0,0,0,0,0,0,0,0,6,0,0,0,0,0,0,0,0,0,0,0,0,0,0,0,0,0,0,0,0,0,1,0,0,0,0,0,0,0,0,0,0,0,0,0,0,0,0,0,0,0,0
20F,F9859,-28.25,24.03,Filter,Eastern Kalahari Bushveld,244,0,0,0,0,0,0,0,3,0,0,0,0,0,0,0,31,0,0,0,0,0,0,0,0,1,0,0,0,0,0,0,0,0,0,4,0,0,0,4,0,0,0,0,0,0,0,0,0,0,0,1,0,0,0,0,0,0,0,0,0,0,0,0,0,0,0,0,0,0,0,0,0,0,0,0,12,0,0,0,0,0,0,0,0,0,0,0,0,125,0,0,0,0,0,0,0,0,0,0,0,0,0,0,0,0,0,0,0,0,0,0,24,0,0,0,0,0,0,0,0,19,0,0,1,2,0,0,17,0,0,0
17S,S9860,-28.25,24.03,Surface soil,Eastern Kalahari Bushveld,243,0,0,1,0,2,0,0,4,0,0,0,0,0,0,0,21,0,0,0,0,0,0,0,0,0,0,0,0,0,0,0,0,0,0,0,0,0,0,3,0,0,0,0,0,0,0,0,0,0,0,0,0,0,0,0,0,0,0,0,0,0,0,0,0,0,0,0,0,0,0,0,0,0,0,0,5,0,0,0,0,0,0,0,0,0,0,0,0,78,0,0,0,0,0,0,0,0,0,0,0,0,3,0,0,0,0,0,0,0,0,0,9,0,0,0,0,0,0,0,0,96,0,0,1,0,0,0,20,0,0,0
18S,S9861,-28.25,24.03,Surface soil,Eastern Kalahari Bushveld,231,0,0,2,0,2,0,0,2,0,0,0,0,0,0,0,16,0,0,0,0,0,0,0,0,1,0,0,0,0,0,0,0,0,0,0,0,0,0,6,0,0,0,0,0,0,0,0,0,0,0,4,0,0,0,0,0,0,0,0,0,0,0,0,0,0,0,0,0,0,0,0,0,0,0,0,0,0,0,0,0,0,0,0,0,0,0,0,0,57,0,0,0,0,0,0,0,0,0,0,0,0,0,0,0,0,0,0,0,0,0,0,1,0,0,0,0,0,0,0,0,130,0,0,0,0,0,0,10,0,0,0
19S,S9862,-28.25,24.03,Surface soil,Eastern Kalahari Bushveld,248,0,0,3,0,3,0,0,6,0,0,0,0,0,0,0,20,0,0,0,0,0,0,0,0,1,0,0,0,0,0,0,0,0,0,0,0,0,0,9,0,0,0,0,0,0,0,4,0,0,0,13,0,0,0,0,0,0,0,0,0,0,0,0,0,0,0,0,0,0,0,0,0,0,0,0,11,0,0,0,0,0,0,0,0,0,0,0,0,111,0,0,0,0,0,0,0,0,0,0,0,0,1,0,0,0,0,0,0,0,0,0,7,0,0,0,0,0,0,0,0,38,0,0,1,0,0,0,20,0,0,0
42F,F9278,-28.25,27.16,Filter,Dry Highveld Grassland,247,0,0,0,0,1,0,0,15,0,0,0,0,0,0,0,25,0,0,0,0,0,0,0,0,1,0,0,0,0,0,0,0,0,0,1,0,0,0,4,0,0,0,0,0,0,0,1,0,0,0,0,0,0,0,0,0,0,0,0,0,0,0,0,0,0,0,0,0,0,0,0,0,0,0,0,0,0,0,0,0,0,0,0,0,0,0,0,0,109,0,0,0,0,0,0,0,0,0,0,0,0,1,0,0,0,0,0,0,0,0,0,81,0,0,0,0,0,0,0,0,4,0,0,1,0,0,0,3,0,0,0
43F,F9279,-28.25,27.16,Filter,Dry Highveld Grassland,246,1,0,0,0,1,0,0,11,0,0,0,0,0,0,0,25,0,0,0,0,0,0,0,0,0,0,1,0,0,0,0,0,0,0,1,0,0,0,2,0,0,0,0,0,0,0,0,0,0,0,0,0,0,0,0,0,0,0,0,0,0,0,0,0,0,0,0,0,0,0,0,0,0,0,0,0,0,0,0,0,0,0,0,0,0,0,0,0,119,0,0,0,0,0,0,0,0,0,0,0,0,1,0,0,0,0,0,0,0,0,0,74,0,0,0,0,0,0,0,0,4,0,0,2,1,0,0,3,0,0,0
41S,S9282,-28.25,27.16,Surface soil,Dry Highveld Grassland,250,0,0,0,0,0,0,0,23,0,0,0,0,0,0,0,15,0,0,0,0,0,0,0,0,0,0,0,0,0,0,0,0,0,0,0,0,0,0,67,0,0,0,0,0,0,0,1,0,0,0,0,0,0,0,0,0,0,0,0,0,0,0,0,0,0,0,0,0,0,0,0,0,0,0,0,0,0,0,0,0,0,0,0,0,0,0,0,0,135,0,0,0,0,0,0,0,0,0,0,0,0,1,0,0,0,0,0,0,0,0,0,1,0,0,0,0,0,0,0,0,0,0,0,2,0,0,0,5,0,0,0
16S,S7660,-28.21,23.78,Surface soil,Eastern Kalahari Bushveld,1000,0,0,4,0,0,0,0,0,0,0,0,0,0,0,0,190,0,0,0,0,0,0,0,0,0,0,0,0,0,0,0,0,0,0,0,0,0,0,0,0,0,0,0,0,0,0,0,0,0,0,0,0,0,0,0,0,0,0,0,0,0,0,0,0,0,0,0,0,0,0,0,0,0,0,0,4,0,0,0,0,0,0,0,0,0,0,0,0,48,0,0,0,0,0,0,0,0,0,0,0,0,0,0,0,0,0,0,0,0,0,0,8,0,0,0,0,0,0,0,0,728,0,0,0,0,0,0,18,0,0,0
39F,F10585,-28.16,25.47,Filter,Eastern Kalahari Bushveld,231,2,0,0,0,1,0,0,14,0,0,0,0,0,0,0,12,0,0,0,0,0,0,0,0,0,0,0,0,0,0,0,0,0,0,3,0,0,0,5,0,0,0,0,0,0,0,1,0,0,0,0,0,0,0,0,0,0,0,0,0,0,0,0,0,0,0,0,0,0,0,0,0,0,0,0,0,0,0,0,0,0,0,0,0,0,0,0,0,182,0,0,0,0,0,0,0,0,0,0,0,0,0,0,0,0,0,0,0,0,0,0,1,0,0,0,0,0,0,0,0,0,0,0,0,3,0,0,7,0,0,0
1S,S7668,-28.12,24.51,Surface soil,Eastern Kalahari Bushveld,250,80,0,0,0,0,0,0,4,0,0,0,0,0,0,0,107,0,0,0,0,0,0,0,0,0,0,0,0,0,0,0,0,0,0,0,0,0,0,4,0,0,0,0,0,0,0,4,0,0,0,0,0,0,0,0,0,0,0,0,0,0,0,0,0,0,0,0,0,0,0,0,0,0,0,0,0,0,0,0,0,0,0,0,0,0,0,0,0,5,0,0,0,0,0,0,0,0,0,0,0,0,0,0,0,0,0,0,0,0,0,0,4,0,0,0,0,0,0,0,0,33,0,0,1,0,0,0,8,0,0,0
21F,F9677,-28.1,24.03,Filter,Eastern Kalahari Bushveld,247,0,0,0,0,5,0,0,7,0,0,0,0,0,0,0,30,0,0,0,0,0,0,0,0,0,0,0,0,0,0,0,0,0,0,0,0,0,0,0,0,0,0,0,0,0,0,0,0,0,0,0,0,0,0,0,0,0,0,0,0,0,0,0,0,0,0,0,0,0,0,0,0,0,0,0,0,0,0,0,0,0,0,0,0,0,0,0,0,140,0,0,0,0,0,0,0,0,0,0,0,0,0,0,0,0,0,0,0,0,0,0,12,0,0,0,0,0,0,0,0,49,0,0,0,0,0,0,4,0,0,0
40F,F10586,-28.07,25.55,Filter,Eastern Kalahari Bushveld,242,4,0,0,0,1,0,0,12,0,0,0,0,0,0,0,17,0,0,0,0,0,0,0,0,0,0,0,0,0,0,0,0,0,0,2,0,0,0,14,0,0,0,0,0,0,0,0,0,0,0,0,0,0,0,0,0,0,0,0,0,0,0,0,0,0,0,0,0,0,0,0,0,0,0,0,2,0,0,0,0,0,0,0,0,0,0,0,0,178,0,0,0,0,0,0,0,0,0,0,0,0,0,0,0,0,0,0,0,0,0,0,0,0,0,0,0,0,0,0,0,1,0,0,2,2,0,0,7,0,0,0
22F,F9276,-28.05,24.47,Filter,Eastern Kalahari Bushveld,1000,0,0,0,0,2,0,0,3,0,0,0,0,0,0,0,32,0,0,0,0,0,0,0,0,0,0,0,0,0,0,0,0,0,0,0,0,0,0,0,0,0,0,0,0,0,0,0,0,0,0,0,0,0,0,0,0,0,0,0,0,0,0,0,0,0,0,0,0,0,0,0,0,0,0,0,1,0,0,0,0,0,0,0,0,0,0,0,0,102,0,0,0,0,0,0,0,0,0,0,0,0,0,0,0,0,0,0,0,0,0,0,0,0,0,0,0,0,0,0,0,858,0,0,1,0,0,0,1,0,0,0
23F,F9277,-28.05,24.47,Filter,Eastern Kalahari Bushveld,249,1,0,0,0,0,0,0,5,0,0,0,0,0,0,0,12,0,0,0,0,0,0,0,0,0,0,0,0,0,0,0,0,0,0,1,0,0,0,1,0,0,0,0,0,0,0,0,0,0,0,0,0,0,0,0,0,0,0,0,0,0,0,0,0,0,0,0,0,0,0,0,0,0,0,0,0,0,0,0,0,0,0,0,0,0,0,0,0,46,0,0,0,0,0,0,0,0,0,0,0,0,1,0,0,0,0,0,0,0,0,0,1,0,0,0,0,0,0,0,0,179,0,0,1,0,0,0,1,0,0,0
10F,F9854,-27.9,22.73,Filter,Eastern Kalahari Bushveld,240,4,0,1,0,1,0,0,2,0,0,0,0,0,0,0,9,0,0,0,0,0,0,0,0,1,0,0,0,0,0,0,0,0,0,2,0,0,0,1,0,0,0,0,0,0,0,0,0,0,0,2,0,0,0,0,0,0,0,0,0,0,0,0,0,0,0,0,0,0,0,0,0,0,0,0,1,0,0,0,0,0,0,0,0,0,0,0,0,190,0,0,0,0,0,0,0,0,0,0,0,0,1,0,0,0,0,0,0,0,0,0,2,0,0,0,0,0,0,0,0,7,0,0,0,0,0,0,16,0,0,0
29F,F9849,-27.8,23.86,Filter,Eastern Kalahari Bushveld,239,1,0,0,0,4,0,0,5,0,0,0,0,0,0,0,7,0,0,0,0,0,0,0,0,1,0,0,0,0,0,0,0,0,0,0,0,0,0,1,0,0,0,0,0,0,0,1,0,0,0,3,0,0,0,0,0,0,0,0,0,0,0,0,0,0,0,0,0,0,0,0,0,0,0,0,6,0,0,0,0,0,0,0,0,0,0,0,0,183,0,0,0,0,0,0,0,0,0,0,0,0,4,0,0,0,0,0,0,0,0,0,16,0,0,0,0,0,0,0,0,1,0,0,0,0,0,0,6,0,0,0
25S,S9850,-27.8,23.86,Surface soil,Eastern Kalahari Bushveld,244,0,0,0,0,0,0,0,1,0,0,0,0,0,0,0,9,0,0,0,0,0,0,0,0,1,0,0,0,0,0,0,0,0,0,0,0,0,0,1,0,0,0,0,0,0,0,0,0,0,0,1,0,0,0,0,0,0,0,0,0,0,0,0,0,0,0,0,0,0,0,0,0,0,0,0,186,0,0,0,0,0,0,0,0,0,0,0,0,37,0,0,0,0,0,0,0,0,0,0,0,0,0,0,0,0,0,0,0,0,0,0,1,0,0,0,0,0,0,0,0,3,0,0,0,0,0,0,4,0,0,0
26S,S9851,-27.8,23.86,Surface soil,Eastern Kalahari Bushveld,240,2,0,0,0,0,0,0,1,0,0,0,0,0,0,0,20,0,0,0,0,0,0,0,0,1,0,0,0,0,0,0,0,0,0,0,0,0,0,2,0,0,0,0,0,0,0,0,0,0,0,0,0,0,0,0,0,0,0,0,0,0,0,0,0,0,0,0,0,0,0,0,0,0,0,0,159,0,0,0,0,0,0,0,0,0,0,0,0,38,0,0,0,0,0,0,0,0,0,0,0,0,0,0,0,0,0,0,0,0,0,0,9,0,0,0,0,0,0,0,0,2,0,0,1,0,0,0,5,0,0,0
27S,S9852,-27.8,23.86,Surface soil,Eastern Kalahari Bushveld,247,0,0,0,0,0,0,0,2,0,0,0,0,0,0,0,6,0,0,0,0,0,0,0,0,0,0,0,0,0,0,0,0,0,0,0,0,0,0,2,0,0,0,0,0,0,0,0,0,0,0,0,0,0,0,0,0,0,0,0,0,0,0,0,0,0,0,0,0,0,0,0,0,0,0,0,178,0,0,0,0,0,0,0,0,0,0,0,0,28,0,0,0,0,0,0,0,0,0,0,0,0,0,0,0,0,0,0,0,0,0,0,7,0,0,0,0,0,0,0,0,5,0,0,0,0,0,0,19,0,0,0
28S,S9853,-27.8,23.86,Surface soil,Eastern Kalahari Bushveld,242,1,0,0,0,0,0,0,4,0,0,0,0,0,0,0,8,0,0,0,0,0,0,0,0,0,0,0,0,0,0,0,0,0,0,0,0,0,0,1,0,0,0,0,0,0,0,0,0,0,0,0,0,0,0,0,0,0,0,0,0,0,0,0,0,0,0,0,0,0,0,0,0,0,0,0,196,0,0,0,0,0,0,0,0,0,0,0,0,20,0,0,0,0,0,0,0,0,0,0,0,0,0,0,0,0,0,0,0,0,0,0,3,0,0,0,0,0,0,0,0,1,0,0,3,0,0,0,5,0,0,0
ASSCOT63,1115,-27.74,31.32,Surface soil,Sub-Escarpment Grassland,250,1,0,0,0,0,0,2,4,0,0,2,0,0,1,1,10,0,0,0,0,0,0,0,0,0,0,0,0,0,1,2,0,0,0,1,0,0,0,24,0,0,0,0,0,0,0,1,0,0,0,0,0,0,0,0,0,0,0,0,0,0,0,1,0,0,0,0,0,0,0,1,0,0,0,0,0,0,0,0,1,0,0,1,0,0,0,2,0,185,2,0,0,0,0,0,0,0,0,0,0,0,0,0,0,0,0,0,0,0,1,2,2,0,0,0,0,0,0,0,0,0,0,0,0,0,0,0,2,0,0,0
24S,S7658,-27.7364,23.6186,Surface soil,Eastern Kalahari Bushveld,246,0,0,0,0,0,0,0,1,0,0,0,0,0,0,0,6,0,0,0,0,0,0,0,0,0,0,1,0,0,0,0,0,0,0,0,0,0,0,0,0,0,0,0,0,0,0,0,0,0,0,0,0,0,0,0,0,0,0,0,0,0,0,0,0,0,0,0,0,0,0,0,0,0,0,0,220,0,0,0,0,0,0,0,0,0,0,0,0,10,0,0,0,0,0,0,0,0,0,0,0,0,0,0,0,0,0,0,0,0,0,0,3,0,0,0,0,0,0,0,0,2,0,0,1,1,0,0,1,0,0,0
11F,F9855,-27.7,22.69,Filter,Eastern Kalahari Bushveld,242,8,0,0,0,18,0,0,12,0,0,0,0,0,0,0,55,0,0,0,0,0,0,0,0,7,0,0,0,0,0,0,0,0,0,0,0,0,0,5,0,0,0,0,0,0,0,1,0,0,0,1,0,0,0,0,0,0,0,0,0,0,0,0,0,0,0,0,0,0,0,0,0,0,0,0,2,0,0,0,0,0,0,0,0,0,0,0,0,109,0,0,0,0,0,0,0,0,0,0,0,0,2,0,0,0,0,0,0,0,0,0,1,0,0,0,0,0,0,0,0,4,0,0,2,0,0,0,15,0,0,0
7S,S9856,-27.7,22.69,Surface soil,Eastern Kalahari Bushveld,245,23,0,1,0,13,0,0,15,0,0,0,0,0,0,0,44,0,0,0,0,0,0,0,0,11,0,0,0,0,0,0,0,0,0,1,0,0,0,0,0,0,0,0,0,0,0,9,0,0,0,0,0,0,0,0,0,0,0,0,0,0,0,0,0,0,0,0,0,0,0,0,0,0,0,0,3,0,0,0,0,0,0,0,0,0,0,0,0,70,0,0,0,0,0,0,0,0,0,0,0,0,8,0,0,0,0,0,0,0,0,0,11,0,0,0,0,0,0,0,0,6,0,0,8,0,0,0,22,0,0,0
8S,S9857,-27.7,22.69,Surface soil,Eastern Kalahari Bushveld,236,8,0,1,0,1,0,0,3,0,0,0,0,0,0,0,52,0,0,0,0,0,0,0,0,2,0,0,0,0,0,0,0,0,0,2,0,0,0,2,0,0,0,0,0,0,0,2,0,0,0,0,0,0,0,0,0,0,0,0,0,0,0,0,0,0,0,0,0,0,0,0,0,0,0,0,5,0,0,0,0,0,0,0,0,0,0,0,0,98,0,0,0,0,0,0,0,0,0,0,0,0,7,0,0,0,0,0,0,0,0,0,13,0,0,0,0,0,0,0,0,9,0,0,5,2,0,0,24,0,0,0
9S,S9858,-27.7,22.69,Surface soil,Eastern Kalahari Bushveld,231,1,0,2,0,6,0,0,5,0,0,0,0,0,0,0,54,0,0,0,0,0,0,0,0,11,0,0,0,0,0,0,0,0,0,0,0,0,0,4,0,0,0,0,0,0,0,7,0,0,0,0,0,0,0,0,0,0,0,0,0,0,0,0,0,0,0,0,0,0,0,0,0,0,0,0,2,0,0,0,0,0,0,0,0,0,0,0,0,107,0,0,0,0,0,0,0,0,0,0,0,0,2,0,0,0,0,0,0,0,0,0,8,0,0,0,0,0,0,0,0,0,0,0,1,0,0,0,21,0,0,0
12F,F9675,-27.68,22.81,Filter,Eastern Kalahari Bushveld,244,7,0,1,0,3,0,0,8,0,0,0,0,0,0,0,63,0,0,0,0,0,0,0,0,0,0,1,0,0,0,0,0,0,0,6,0,0,0,1,0,0,0,0,0,0,0,1,0,0,0,1,0,0,0,0,0,0,0,0,0,0,0,0,0,0,0,0,0,0,0,0,0,0,0,0,2,0,0,0,0,0,0,0,0,0,0,0,0,131,0,0,0,0,0,0,0,0,0,0,0,0,0,0,0,0,0,0,0,0,0,0,1,0,0,0,0,0,0,0,0,2,0,0,7,1,0,0,8,0,0,0
5F,F9673,-27.66,23,Surface soil,Eastern Kalahari Bushveld,248,2,0,2,0,1,0,0,8,0,0,0,0,0,0,0,23,0,0,0,0,0,0,0,0,0,0,0,0,0,0,0,0,0,0,0,0,0,0,1,0,0,0,0,0,0,0,0,0,0,0,0,0,0,0,0,0,0,0,0,0,0,0,0,0,0,0,0,0,0,0,0,0,0,0,0,0,0,0,0,0,0,0,0,0,0,0,0,0,184,0,0,0,0,0,0,0,0,0,0,0,0,2,0,0,0,0,0,0,0,0,0,1,0,0,0,0,0,0,0,0,15,0,0,3,0,0,0,6,0,0,0
6F,F9674,-27.66,23,Filter,Eastern Kalahari Bushveld,247,6,0,4,0,1,0,0,8,0,0,0,0,0,0,0,19,0,0,0,0,0,0,0,0,0,0,1,0,0,0,0,0,0,0,0,0,0,0,0,0,0,0,0,0,0,0,0,0,0,0,0,0,0,0,0,0,0,0,0,0,0,0,0,0,0,0,0,0,0,0,0,0,0,0,0,1,0,0,0,0,0,0,0,0,0,0,0,0,186,0,0,0,0,0,0,0,0,0,0,0,0,0,0,0,0,0,0,0,0,0,0,1,0,0,0,0,0,0,0,0,13,0,0,1,1,0,0,5,0,0,0
4S,S9672,-27.66,23,Filter,Eastern Kalahari Bushveld,248,2,0,1,0,10,0,0,15,0,0,0,0,0,0,0,6,0,0,0,0,0,0,0,0,1,0,0,0,0,0,0,0,0,0,1,0,0,0,163,0,0,0,0,0,0,0,2,0,0,0,1,0,0,0,0,0,0,0,0,0,0,0,0,0,0,0,0,0,0,0,0,0,0,0,0,2,0,0,0,0,0,0,0,0,0,0,0,0,27,0,0,0,0,0,0,0,0,0,0,0,0,0,0,0,0,0,0,0,0,0,0,2,0,0,0,0,0,0,0,0,6,0,0,5,2,0,0,2,0,0,0
3S,S7710,-27.63,23.1,Surface soil,Eastern Kalahari Bushveld,250,61,0,0,0,0,0,0,6,0,0,0,0,0,0,0,14,0,0,0,0,0,0,0,0,0,0,0,0,0,0,0,0,0,0,0,0,0,0,0,0,0,0,0,0,0,0,0,0,0,0,3,0,0,0,0,0,0,0,0,0,0,0,0,0,0,0,0,0,0,0,0,0,0,0,0,0,0,0,0,0,0,0,0,0,0,0,0,0,102,0,0,0,0,0,0,0,0,0,0,0,0,0,0,0,0,0,0,0,0,0,0,0,0,0,0,0,0,0,0,0,63,0,0,0,0,0,0,1,0,0,0
ASSCOT49,6719,-27.6,24.6,Surface soil,Eastern Kalahari Bushveld,250,10,0,0,0,6,0,2,7,0,0,5,0,0,0,0,12,0,0,0,0,0,10,0,0,3,0,0,0,0,0,1,0,0,0,0,0,0,0,16,0,2,0,0,0,0,1,7,0,0,0,14,0,0,0,0,0,0,0,0,0,0,0,0,0,0,0,0,0,0,2,0,0,0,0,0,3,0,0,2,0,0,0,0,0,0,0,2,0,110,0,0,0,0,0,0,0,0,0,0,0,0,0,0,0,0,0,0,0,0,0,0,6,0,0,0,0,0,0,0,0,20,0,0,0,1,0,3,5,0,0,0
3515,Mbaswana,-27.55673,32.50487,Dung,Indian Ocean Coastal Belt,264,7,0,6,0,0,0,4,2,0,0,0,1,0,1,0,116,0,0,0,0,0,0,0,0,0,0,0,0,0,0,11,0,0,0,0,0,0,0,0,0,0,0,0,0,0,0,8,0,0,0,0,0,0,0,0,0,0,0,0,0,0,2,0,0,0,0,0,0,0,0,0,0,2,0,0,17,0,0,0,0,0,0,0,16,0,0,0,0,1,0,36,1,0,0,0,0,0,0,1,0,0,0,0,0,4,0,0,0,0,0,0,0,0,0,0,0,0,0,0,0,0,0,0,0,0,0,0,28,0,0,0
2S,S7709,-27.55,23.19,Surface soil,Eastern Kalahari Bushveld,250,15,0,3,0,0,0,0,88,0,0,0,0,0,0,0,38,0,0,0,0,0,0,0,0,0,0,0,0,0,0,0,0,0,0,0,0,0,0,3,0,0,0,0,0,0,0,1,0,0,0,19,0,0,0,0,0,0,0,0,0,0,0,0,0,0,0,0,0,0,0,0,0,0,0,0,0,0,0,0,0,0,0,0,0,0,0,0,0,58,0,0,0,0,0,0,0,0,0,0,0,0,3,0,0,0,0,0,0,0,0,0,0,0,0,0,0,0,0,0,0,5,0,0,5,4,0,0,8,0,0,0
KLH_1,KLH_1,-27.510361,22.736561,Surface soil,Eastern Kalahari Bushveld,276,0,0,0,0,3,0,0,95,0,0,0,0,0,0,0,69,0,0,0,0,0,0,0,0,3,0,1,0,0,0,0,0,0,0,1,0,0,0,0,0,0,0,0,0,0,0,0,0,0,0,0,0,0,0,0,0,0,0,0,0,0,0,0,0,0,0,2,0,0,0,1,0,0,0,0,2,0,0,0,0,0,0,0,0,0,0,0,0,96,0,0,0,0,0,0,0,0,0,0,0,0,0,0,0,0,0,0,0,0,0,0,0,0,0,0,0,0,0,0,0,3,0,0,2,0,0,0,0,0,0,0
3516,Jozini,-27.46473,32.26505,Dung,Lowveld,214,10,0,0,0,0,0,1,6,0,0,0,0,0,0,0,67,0,0,0,0,0,0,0,0,0,0,4,0,0,0,3,0,0,0,6,0,0,0,1,0,0,0,0,0,0,0,3,0,0,0,0,0,0,0,0,0,0,0,0,5,0,0,0,0,0,0,0,0,0,0,4,1,0,0,0,3,0,0,0,0,0,0,0,2,0,0,0,0,0,0,36,0,0,0,0,0,2,0,0,0,0,0,0,1,5,0,0,0,0,0,0,0,0,1,0,0,0,0,0,0,0,0,0,0,0,0,0,53,0,0,0
KLH_7,KLH_7,-27.411344,22.568067,Surface soil,Eastern Kalahari Bushveld,330,0,0,0,0,0,0,0,1,0,0,0,0,0,0,0,36,0,0,0,0,0,0,0,0,0,1,0,0,0,0,0,0,0,0,0,0,0,0,0,0,0,0,0,0,0,0,0,0,0,0,0,0,0,0,0,0,0,0,0,0,0,0,0,0,0,0,0,0,0,0,0,0,0,0,0,0,0,0,0,0,0,0,0,0,0,0,0,0,279,1,0,0,0,0,0,0,0,0,0,0,0,0,0,0,0,0,0,0,0,0,0,0,0,0,0,0,0,0,0,0,9,0,0,1,0,0,0,2,0,0,0
KLH_6,KLH_6,-27.208783,22.474239,Surface soil,Eastern Kalahari Bushveld,307,0,0,0,0,5,0,0,13,0,0,0,0,0,0,0,23,0,0,0,0,0,0,0,0,0,0,0,0,0,0,0,0,0,0,0,0,0,0,0,0,0,0,0,0,0,0,0,0,0,0,1,0,0,0,0,0,0,0,0,0,0,0,0,0,0,0,0,0,0,0,0,0,0,0,0,0,0,0,0,0,0,0,0,0,0,0,0,0,250,1,0,0,0,0,0,0,0,0,0,0,0,0,0,0,0,0,2,0,0,0,0,0,0,0,0,0,0,0,0,0,3,0,0,0,3,0,0,6,0,0,0
KLH_3,KLH_3,-27.182642,22.902686,Surface soil,Eastern Kalahari Bushveld,343,0,0,0,0,1,0,0,10,0,0,0,0,0,0,0,77,0,0,0,0,0,1,0,0,6,0,0,0,0,0,0,0,0,0,1,0,3,0,0,0,0,0,0,0,0,0,1,8,0,0,2,0,0,0,0,0,0,0,0,0,0,0,0,0,0,0,1,0,0,3,1,0,0,0,0,15,0,0,0,0,0,0,0,0,0,0,0,0,173,0,0,0,0,0,0,0,0,0,0,0,0,0,0,0,0,0,0,0,0,0,0,0,0,0,0,0,0,1,0,0,0,0,0,35,1,1,0,2,0,0,0
KLH_4,KLH_4,-27.132597,22.709461,Surface soil,Kalahari Duneveld,305,0,0,0,0,0,0,0,18,0,0,0,0,0,0,0,37,0,0,0,0,0,0,0,0,2,0,0,0,0,0,0,0,0,0,0,0,0,0,0,0,0,0,0,0,0,0,0,0,0,0,0,0,0,0,0,0,0,0,0,0,0,0,0,0,0,0,0,0,0,0,0,0,0,0,0,0,0,0,0,0,0,0,0,0,0,0,0,0,243,0,0,0,0,0,0,0,0,0,0,0,0,0,0,0,0,0,0,0,0,0,0,0,0,0,0,0,0,0,0,0,3,0,0,2,0,0,0,0,0,0,0
KLH_5,KLH_5,-27.101583,22.527406,Surface soil,Kalahari Duneveld,315,0,0,0,0,1,0,0,1,0,0,0,0,0,0,0,136,0,0,0,0,0,0,0,0,2,0,1,0,0,0,0,0,0,0,1,0,0,0,0,0,4,0,0,0,0,0,3,3,0,0,1,0,0,0,0,0,0,0,0,0,0,0,0,0,0,0,0,0,0,1,0,0,0,0,0,0,0,0,0,0,0,0,0,0,0,0,0,0,156,0,0,0,0,0,0,0,0,0,0,0,0,0,0,0,0,0,0,0,0,0,0,0,1,0,0,0,0,0,0,0,2,0,0,2,0,0,0,0,0,0,0
Sterkfontein,9995_nov'86,-26.015533,27.734619,Surface soil,Dry Highveld Grassland,250,2,0,2,0,1,0,0,12,0,0,2,0,0,4,0,7,0,0,0,0,0,0,0,0,0,0,0,49,0,0,0,0,0,0,0,0,2,0,15,0,0,0,0,1,0,0,3,0,0,0,0,0,0,0,0,0,0,0,0,0,0,0,7,0,0,0,0,0,0,0,1,0,0,16,0,1,0,0,0,0,0,0,0,0,0,0,27,0,63,0,0,0,0,0,0,0,0,0,0,0,0,0,0,0,0,0,0,0,0,0,0,8,0,0,0,0,0,0,18,0,0,0,0,1,0,0,1,7,0,0,0
ASSCOT23,june-sept_dec_march'88-9,-26.015513,27.733958,Surface soil,Dry Highveld Grassland,1000,4,0,3,0,5,0,0,28,0,0,2,0,0,5,0,23,0,0,0,0,0,0,2,0,4,0,0,154,0,0,6,0,0,0,0,0,2,0,41,0,0,0,0,0,9,0,3,1,0,0,0,0,0,0,0,0,0,0,0,0,0,0,4,0,0,2,0,0,0,0,8,0,0,17,0,85,0,0,2,0,0,0,0,0,0,0,39,1,427,1,0,0,0,0,0,0,2,0,0,0,0,0,0,0,0,0,0,0,0,0,1,34,0,0,0,0,0,0,37,0,0,0,0,0,0,0,12,37,9,0,0
ASSCOT21,8330,-26.01,27.76,Surface soil,Dry Highveld Grassland,250,0,0,0,0,0,0,5,5,0,0,42,0,0,0,0,12,0,0,0,0,0,0,0,0,1,0,0,1,0,0,2,0,0,0,0,0,2,0,16,0,0,0,0,0,0,0,1,2,0,0,1,0,0,0,0,0,0,0,0,0,0,0,1,0,0,1,0,0,0,1,0,0,0,1,0,2,0,1,1,0,0,0,0,0,0,0,47,0,41,0,0,0,0,0,0,0,0,0,0,0,0,0,0,0,0,0,0,0,0,0,0,4,0,0,0,0,0,0,5,0,0,0,0,0,33,0,6,16,0,0,0
ASSCOT22,329-5,-26.01,27.76,Surface soil,Dry Highveld Grassland,409,0,0,0,0,0,0,0,12,0,2,7,0,0,0,0,7,0,0,0,0,0,0,0,0,0,2,0,0,0,0,1,0,0,0,0,0,2,0,67,0,0,0,0,0,0,0,1,1,0,0,0,0,0,0,0,0,0,0,0,0,0,0,0,0,0,0,0,0,0,0,0,0,0,4,0,3,0,0,0,0,0,0,0,0,0,0,25,0,85,0,0,0,0,0,114,0,0,0,0,0,0,0,0,0,0,0,0,0,0,0,0,4,0,0,0,0,0,0,1,0,0,0,68,0,0,0,1,2,0,0,0
ASSCOT30,6871,-25.88,28.28,Surface soil,Mesic Highveld Grassland,621,0,0,0,0,0,0,0,48,0,0,1,0,0,1,7,51,0,0,0,0,0,0,0,0,0,0,0,0,0,0,1,0,0,0,0,0,0,0,424,0,0,0,0,0,0,0,2,0,0,0,0,0,0,0,0,0,0,0,0,0,0,0,0,0,0,0,0,0,0,0,0,0,0,0,0,0,0,0,0,0,0,0,0,0,0,0,24,0,48,0,1,6,0,0,0,0,0,0,0,0,0,0,0,0,0,0,0,0,0,0,0,1,0,0,0,0,0,0,6,0,0,0,0,0,0,0,0,0,0,0,0
3520,Broederstroom,-25.82543,27.81512,Dung,Central Bushveld,278,4,0,0,0,0,0,1,2,0,0,0,0,0,0,0,6,0,0,0,0,0,0,0,0,0,1,6,10,0,4,2,0,0,0,3,0,0,0,1,0,0,0,0,0,0,2,1,0,0,0,2,0,1,0,0,0,0,0,0,0,0,0,0,0,0,0,0,0,0,0,3,0,5,0,0,3,2,0,0,0,0,0,0,5,6,0,0,0,2,0,147,4,0,0,0,0,15,0,3,2,0,0,0,0,11,1,0,0,0,0,0,0,0,0,0,0,0,0,0,0,0,0,0,0,0,0,0,22,0,1,0
ASSCOT41,6282,-25.45,28.27,Surface soil,Central Bushveld,250,3,0,0,0,0,0,4,7,0,0,4,0,0,0,0,7,0,0,0,0,0,0,4,0,4,0,0,0,0,0,114,0,0,0,0,0,0,0,16,0,0,0,0,0,0,0,38,0,0,0,0,0,0,0,0,0,0,0,0,0,0,0,0,0,0,1,0,0,0,0,1,0,0,1,0,0,0,0,0,0,0,0,0,0,0,0,11,0,22,0,0,0,0,0,0,0,0,0,0,0,0,0,0,0,0,0,0,0,0,0,0,2,0,0,0,0,0,0,6,0,3,0,0,1,0,0,0,1,0,0,0
Tswaing,9877,-25.407067,28.083431,Surface soil,Central Bushveld,277,8,0,0,0,0,0,0,5,0,0,2,0,0,0,0,3,0,0,0,0,0,0,4,0,2,0,0,0,0,0,6,0,0,0,0,1,0,0,58,22,0,0,0,0,0,0,9,1,0,0,1,0,0,0,0,0,0,0,0,0,0,0,0,0,0,0,0,0,0,0,0,0,0,2,0,3,0,0,0,0,0,3,0,0,0,0,14,0,99,1,0,0,0,1,0,0,0,0,0,0,0,0,0,0,0,0,0,0,0,1,0,2,0,0,0,3,0,0,0,0,1,0,0,1,12,0,9,3,0,0,0
ASSCOT50,6575,-25.25,28.31,Surface soil,Central Bushveld,249,3,0,7,0,1,0,31,12,0,0,1,0,0,0,0,15,0,0,0,0,0,0,5,1,50,0,0,0,0,0,7,0,0,0,0,0,0,0,14,0,0,0,0,0,0,0,3,0,0,0,1,0,0,0,0,1,0,0,0,0,0,0,0,0,0,1,0,0,0,0,0,0,0,1,0,0,0,6,0,0,0,0,0,0,0,0,16,0,44,0,0,0,0,0,0,0,0,0,1,0,0,0,0,0,0,0,0,0,0,0,0,0,0,0,0,1,0,0,3,0,19,0,0,0,0,0,0,5,0,0,0
Mankwe1,2845,-25.227273,27.325,Surface soil,Central Bushveld,346,0,0,5,0,0,0,0,2,0,0,0,0,0,0,0,43,0,0,0,0,0,0,2,9,0,0,0,0,0,0,3,0,0,0,0,0,0,0,2,0,0,0,0,0,0,0,9,14,0,0,1,0,0,0,0,0,0,0,0,0,0,0,0,0,0,0,0,0,3,0,0,0,0,0,0,0,0,0,0,0,1,1,0,0,0,0,0,0,188,0,5,1,0,0,0,0,0,0,0,0,0,0,0,0,0,0,1,0,0,2,0,2,0,0,25,0,0,0,1,0,3,0,0,0,0,0,0,23,0,0,0
Mankwe2,2846,-25.227273,27.325,Dung,Central Bushveld,254,3,0,4,0,0,0,0,0,0,0,3,0,0,1,0,50,0,0,0,0,0,0,0,1,1,0,0,0,0,0,2,0,0,0,0,0,0,0,3,0,0,0,0,0,1,0,2,0,0,0,0,0,0,0,0,0,0,1,0,0,0,0,0,0,0,0,0,2,0,0,0,0,0,0,0,0,0,0,0,0,0,0,0,0,0,0,1,0,148,0,0,0,0,1,0,0,0,0,0,0,0,0,0,0,0,0,0,0,0,0,0,11,0,0,9,1,0,0,1,0,0,0,0,0,0,0,1,7,0,0,0
ASSCOT39,6290,-24.95,28.17,Surface soil,Central Bushveld,250,0,0,0,0,0,0,0,2,0,0,1,0,0,0,0,16,0,0,0,0,0,0,10,0,0,0,0,0,0,0,36,0,0,0,0,0,0,1,13,0,0,0,0,0,0,0,4,0,0,0,0,0,0,0,0,0,0,0,0,0,0,0,0,0,0,0,0,0,0,0,0,0,0,1,0,1,0,0,0,0,0,0,0,0,0,0,6,0,121,0,1,0,0,2,0,0,0,0,0,0,0,0,0,0,0,0,0,0,0,1,0,3,0,0,0,0,0,0,1,0,0,0,0,0,0,0,0,30,0,0,0
ASSCOT38,6284,-24.81,28.33,Surface soil,Central Bushveld,245,0,0,0,1,1,0,0,1,0,0,1,0,0,0,0,9,0,0,0,0,0,0,8,0,2,0,0,0,0,0,39,2,0,0,0,1,0,2,10,0,0,0,0,0,0,1,4,0,0,0,0,0,0,0,0,0,0,0,0,0,0,0,0,0,0,1,0,0,0,0,0,0,0,2,0,3,0,0,0,0,0,0,0,0,0,0,3,0,68,0,1,0,0,55,0,0,0,0,1,0,0,1,0,0,0,0,0,0,0,1,0,15,1,0,0,1,0,0,0,0,0,0,0,0,2,0,0,8,0,0,0
ASSCOT48,5087,-24.42,28.75,Surface soil,Central Bushveld,2699,3,0,5,0,1,0,1,28,0,0,0,1,0,0,0,78,0,0,0,0,0,0,1,0,6,0,0,0,0,0,9,0,0,0,0,0,0,0,946,0,0,0,0,0,0,0,10,0,4,0,0,0,0,5,0,0,1,4,16,0,0,0,0,0,1,0,0,0,0,162,0,0,0,4,0,0,0,0,0,0,0,4,0,0,0,0,3,0,1189,1,0,3,0,1,0,0,0,0,0,0,0,0,0,0,0,0,0,0,0,1,0,2,0,0,2,0,0,0,0,0,8,0,0,0,0,0,189,10,0,0,0
ASSCOT47,6293,-24.42,28.75,Surface soil,Central Bushveld,250,15,0,10,0,1,0,5,11,0,0,0,0,0,0,0,23,0,0,0,0,0,0,2,0,4,0,0,0,0,0,9,0,0,0,2,0,0,0,17,0,0,0,0,0,0,0,14,0,0,0,0,0,0,0,0,0,0,0,0,0,0,0,0,0,0,0,0,0,0,0,0,0,0,1,0,1,0,0,0,0,0,1,0,0,0,0,4,0,110,0,0,0,0,0,0,0,0,0,0,0,0,0,0,0,0,0,0,0,0,0,0,10,0,0,0,1,0,0,2,0,0,0,0,0,0,0,1,6,0,0,0
ASSCOT42,5649,-24.4,28.74,Surface soil,Central Bushveld,911,0,0,0,0,2,0,0,49,0,0,1,0,0,0,0,17,0,0,0,0,0,0,5,0,0,0,0,1,0,0,11,0,0,0,0,0,0,0,46,0,0,0,0,0,0,0,35,1,0,0,0,0,0,0,0,0,0,0,1,0,0,0,0,0,0,0,0,0,0,2,1,0,0,3,0,6,0,0,0,0,0,0,0,0,0,0,8,0,642,0,0,0,0,1,0,0,0,0,1,0,0,1,0,0,0,1,0,0,0,2,0,19,0,0,16,1,0,0,8,0,4,0,0,0,0,0,1,25,0,0,0
ASSCOT40,5650,-24.34,28.85,Surface soil,Central Bushveld,1524,1,0,4,0,1,0,0,38,0,0,4,0,0,0,0,9,0,0,0,0,0,0,0,0,0,0,25,0,0,0,12,0,0,0,0,0,0,0,42,2,0,0,0,0,0,0,60,6,0,0,1,0,0,0,0,0,0,0,1,0,0,0,2,0,0,0,0,0,0,0,1,0,0,0,0,0,0,0,0,0,0,0,0,0,0,0,18,0,1240,0,0,9,0,1,0,0,11,0,0,0,0,0,0,0,0,0,0,0,0,3,0,3,0,0,1,5,0,0,6,0,2,0,0,0,0,0,0,16,0,0,0
Bokpoort,5659,-24.3227,28.703,Surface soil,Central Bushveld,635,2,0,1,0,0,0,0,1,0,0,5,1,0,0,1,7,0,0,2,0,0,0,0,0,2,0,0,0,0,0,4,0,0,11,0,0,0,0,62,0,0,0,0,0,0,1,22,0,0,0,0,0,0,0,0,0,0,0,0,0,0,0,0,0,0,0,0,0,0,0,0,0,0,2,0,18,0,0,0,0,0,0,0,0,0,0,4,0,306,4,0,8,0,11,0,0,0,0,0,0,0,0,0,0,0,0,0,0,0,0,0,124,0,0,3,0,0,0,10,0,0,0,0,0,1,0,8,14,0,0,0
ASSCOT19,6286,-24.300381,28.384474,Surface soil,Central Bushveld,250,4,0,8,0,0,0,1,3,0,0,4,0,0,40,1,8,0,0,1,0,0,0,1,0,2,0,0,0,0,0,4,0,0,0,0,0,0,9,22,0,0,1,0,1,0,0,0,0,0,0,0,0,0,0,0,0,0,0,0,0,0,0,0,0,0,0,0,0,0,1,0,0,0,0,0,1,0,0,0,0,0,0,0,0,0,0,1,0,121,1,1,0,0,3,0,0,0,0,0,0,0,0,0,0,0,0,0,0,0,0,0,0,0,0,1,0,0,0,3,0,1,0,0,0,1,0,0,5,0,0,0
ASSCOT20,6288,-24.3,28.49,Surface soil,Mesic Highveld Grassland,250,0,1,0,0,0,0,1,3,0,0,24,0,0,0,0,77,0,0,3,0,0,0,0,0,1,0,0,1,0,0,6,0,0,0,0,0,0,0,9,0,0,0,0,0,0,0,1,0,0,0,0,0,0,1,0,0,0,0,0,0,0,0,0,0,0,0,0,0,0,0,0,0,0,1,0,1,0,0,0,0,0,0,0,0,0,0,3,0,93,1,0,0,0,10,0,0,0,0,0,0,0,0,0,0,0,0,0,0,0,0,0,0,0,0,0,0,0,0,3,0,0,0,0,0,0,0,0,10,0,0,0
ASSCOT18,6285,-24.250815,28.385696,Surface soil,Central Bushveld,250,0,0,0,0,1,0,0,2,0,0,9,0,0,0,2,20,0,0,2,0,0,0,9,0,3,0,0,0,0,0,7,0,0,0,0,0,0,0,12,0,0,0,0,0,0,0,3,0,0,0,0,0,0,0,0,0,0,1,0,0,0,0,0,0,0,0,0,0,0,2,0,0,0,3,0,1,0,0,0,0,0,0,7,0,0,0,2,0,135,2,0,0,0,8,3,0,0,0,0,0,0,0,0,0,0,0,0,0,0,1,0,0,0,0,0,0,0,0,4,0,1,3,0,0,4,0,0,3,0,0,0
ASSCOT12,6295,-24.16,29.23,Surface soil,Mesic Highveld Grassland,259,0,10,0,0,0,0,0,1,0,0,4,0,0,0,7,29,0,0,0,0,0,0,2,0,0,0,0,5,0,0,3,0,0,0,0,0,0,0,23,1,0,0,0,0,0,0,1,1,0,0,0,0,0,0,0,0,0,0,0,0,0,0,0,0,0,0,0,0,0,0,0,0,0,0,0,2,0,0,0,0,0,0,0,0,0,0,2,0,139,0,1,0,0,14,0,0,0,0,0,0,0,0,0,0,0,0,0,0,0,1,0,1,0,0,0,0,0,0,1,0,0,0,0,0,3,0,0,8,0,0,0
ASSCOT25,5654,-23.922563,29.890404,Surface soil,Central Bushveld,250,0,0,4,0,1,0,2,2,1,0,1,1,0,0,0,32,0,0,0,0,0,0,1,0,0,0,0,0,1,0,1,0,0,0,0,0,0,5,7,0,0,0,0,0,0,0,2,6,0,0,1,0,0,0,0,0,0,0,0,0,0,0,0,0,0,0,0,0,1,1,0,0,0,0,0,18,0,0,0,0,0,0,1,0,0,0,13,0,73,0,0,2,0,0,0,0,0,0,1,0,0,3,0,0,0,0,0,0,0,0,0,3,0,0,5,0,0,0,0,0,0,1,0,0,0,0,53,7,0,0,0
ASSCOT17,5657,-23.84,29.92,Surface soil,Mesic Highveld Grassland,250,0,0,0,0,0,0,0,0,0,0,2,0,0,0,0,0,0,0,0,0,0,0,0,0,0,0,0,0,0,0,0,0,0,0,0,0,0,0,0,0,0,0,0,0,0,0,0,0,0,0,0,0,0,0,0,1,0,0,0,0,0,0,0,0,0,0,0,0,0,94,1,0,0,7,0,0,0,0,0,0,0,0,0,0,0,0,47,0,3,5,1,0,37,0,0,0,0,30,0,0,0,0,0,0,0,0,0,0,0,0,0,0,0,0,0,0,0,0,0,0,0,0,0,0,18,0,0,4,0,0,0
ASSCOT53,8506,-23.5,30.2,Surface soil,Lowveld,201,7,0,0,0,0,0,0,2,0,0,1,0,0,0,0,7,0,0,0,0,0,0,0,0,0,0,0,0,0,0,14,0,0,0,0,0,0,0,5,0,2,0,0,0,0,0,3,0,0,0,0,0,0,0,0,0,0,0,0,0,0,0,0,0,0,0,0,0,0,0,0,0,0,8,1,6,0,1,0,0,0,0,0,0,0,0,4,0,119,0,0,0,2,2,0,0,0,0,0,0,0,0,0,0,0,0,0,1,0,0,2,0,0,0,0,0,0,0,1,0,0,0,0,0,1,0,2,10,0,0,0
ASSCOT54,8580,-23.5,30.2,Surface soil,Lowveld,200,0,0,0,0,0,0,0,1,8,0,2,0,0,0,0,8,0,0,0,0,0,0,0,0,0,0,0,1,0,0,3,0,0,0,0,0,0,0,61,0,0,0,0,0,0,0,0,0,0,0,0,0,0,0,0,2,0,0,0,0,0,0,0,0,0,0,0,0,0,1,0,0,0,2,0,1,0,0,0,0,0,0,0,0,0,0,3,0,88,0,0,0,0,6,0,0,0,0,0,0,0,0,0,0,0,0,0,0,0,0,0,0,0,0,3,0,0,0,0,0,0,0,0,0,1,0,0,9,0,0,0
ASSCOT59,5666,-23.02,31.37,Surface soil,Mopane Bioregion,250,0,0,0,0,1,0,0,1,0,0,0,0,0,0,0,0,0,0,0,0,0,0,0,0,0,0,0,0,0,0,1,0,0,0,0,0,0,0,6,0,0,0,0,0,0,0,2,0,0,0,0,0,0,0,0,0,0,0,0,0,0,0,0,0,0,0,0,0,0,0,0,0,0,0,0,0,0,1,0,0,0,0,0,0,0,0,1,0,232,0,0,0,0,0,0,0,0,0,0,0,0,0,0,0,0,0,0,0,0,0,0,0,0,0,0,2,0,0,0,0,0,0,0,0,0,0,1,2,0,0,0
ASSCOT51,6867,-22.99,29.36,Surface soil,Central Bushveld,249,2,0,2,0,3,0,0,3,0,0,7,0,0,0,0,1,0,0,0,0,0,0,4,0,4,0,6,0,0,0,36,3,0,0,0,7,0,15,5,0,0,0,0,0,0,0,10,1,0,0,1,0,0,0,0,0,0,0,0,0,0,0,0,0,0,0,0,0,0,0,0,0,1,0,0,3,0,0,0,0,0,0,0,0,0,0,1,0,82,0,0,0,0,0,0,38,0,0,0,0,0,0,0,0,0,0,0,0,0,3,0,0,0,0,0,0,0,0,0,0,1,0,0,0,2,0,1,7,0,0,0
ASSCOT56,5661,-22.97,29.38,Surface soil,Central Bushveld,1107,1,1,14,0,14,0,0,6,0,90,1,0,0,1,0,23,0,0,0,0,0,0,6,0,2,0,0,0,0,0,19,0,2,0,0,2,0,18,12,1,0,0,0,0,0,0,25,96,1,0,0,0,0,0,0,0,0,0,2,0,0,0,0,0,0,0,0,0,0,8,0,0,0,0,0,10,0,0,0,0,0,2,0,0,0,0,8,0,576,1,0,0,0,0,0,0,0,24,0,19,0,7,0,0,0,0,0,0,0,3,0,42,0,0,1,0,0,0,2,24,0,0,12,0,0,0,0,31,0,0,0
ASSCOT57,6869,-22.93,29.12,Surface soil,Central Bushveld,250,6,0,2,0,10,0,0,2,0,0,3,0,0,0,0,2,0,0,0,0,0,0,9,0,5,0,0,0,0,0,41,0,0,0,0,0,0,1,6,0,0,0,0,0,0,1,29,0,0,0,3,0,0,0,0,0,0,0,1,0,0,0,0,0,0,0,0,0,0,0,0,0,1,0,0,3,0,0,0,0,0,4,0,0,0,0,6,0,82,0,0,0,0,1,1,0,0,0,0,0,0,0,0,0,0,0,0,0,0,5,0,4,0,0,0,1,0,0,1,0,0,0,0,0,0,0,14,5,1,0,0
ASSCOT58,6870,-22.75,29.41,Surface soil,Mopane Bioregion,250,13,0,8,0,1,0,0,4,0,0,4,1,0,0,0,4,0,0,0,0,0,0,0,0,14,0,0,0,0,0,123,0,0,0,0,0,0,0,2,1,0,0,0,0,0,1,10,0,0,0,1,0,0,0,0,0,0,0,0,0,0,0,0,0,0,0,0,0,0,0,1,0,0,1,0,1,0,4,0,0,0,0,0,0,0,0,11,0,29,0,0,0,1,0,0,0,0,1,0,0,0,0,0,0,0,0,0,0,0,2,0,2,0,0,0,0,0,0,1,0,2,0,0,0,1,0,0,6,0,0,0
ASSCOT62,7172,-22.59,28.54,Surface soil,Central Bushveld,250,2,0,0,0,0,0,0,82,0,0,0,0,0,0,0,2,0,0,0,0,0,0,0,0,3,0,0,0,0,0,45,0,1,0,0,0,0,0,6,0,0,0,0,0,0,0,0,0,0,0,1,0,0,0,0,0,0,0,1,0,0,0,0,0,0,0,0,0,0,0,0,0,0,0,0,0,0,0,1,0,0,0,0,0,0,0,3,0,99,0,0,0,0,0,0,0,0,0,0,0,0,0,0,0,0,0,0,0,0,1,0,0,0,0,0,0,0,0,0,0,0,0,0,0,0,0,0,3,0,0,0
ASSCOT61,7164,-22.57,28.62,Surface soil,Central Bushveld,1513,1,0,5,0,3,0,0,10,0,0,1,0,0,0,0,1,0,0,0,0,0,0,3,0,3,0,2,0,0,0,34,0,0,0,0,0,0,0,499,0,1,0,0,0,0,0,9,0,0,0,8,0,0,0,0,0,0,0,0,0,0,0,0,0,0,1,0,0,0,0,0,0,0,0,3,0,0,0,0,0,0,0,0,0,0,1,0,0,9,1,0,0,0,0,0,0,0,0,0,0,0,0,0,0,0,0,0,0,0,0,0,10,0,0,1,0,0,0,0,0,0,0,0,3,0,0,891,13,0,0,0
